-- phpMyAdmin SQL Dump
-- version 4.7.4
-- https://www.phpmyadmin.net/
--
-- Host: 127.0.0.1:3306
-- Generation Time: Jan 26, 2019 at 01:32 AM
-- Server version: 5.7.19
-- PHP Version: 5.6.31

SET SQL_MODE = "NO_AUTO_VALUE_ON_ZERO";
SET AUTOCOMMIT = 0;
START TRANSACTION;
SET time_zone = "+00:00";


/*!40101 SET @OLD_CHARACTER_SET_CLIENT=@@CHARACTER_SET_CLIENT */;
/*!40101 SET @OLD_CHARACTER_SET_RESULTS=@@CHARACTER_SET_RESULTS */;
/*!40101 SET @OLD_COLLATION_CONNECTION=@@COLLATION_CONNECTION */;
/*!40101 SET NAMES utf8mb4 */;

--
-- Database: `houselottery`
--

-- --------------------------------------------------------

--
-- Table structure for table `assigned`
--

DROP TABLE IF EXISTS `assigned`;
CREATE TABLE IF NOT EXISTS `assigned` (
  `id` int(11) NOT NULL AUTO_INCREMENT,
  `Fname` varchar(100) NOT NULL,
  `Mname` varchar(100) NOT NULL,
  `Lname` varchar(100) NOT NULL,
  `Interest` varchar(100) NOT NULL,
  `Block` int(100) NOT NULL,
  UNIQUE KEY `id` (`id`)
) ENGINE=MyISAM AUTO_INCREMENT=35 DEFAULT CHARSET=utf8;

--
-- Dumping data for table `assigned`
--

INSERT INTO `assigned` (`id`, `Fname`, `Mname`, `Lname`, `Interest`, `Block`) VALUES
(1, 'ኣ', 'ኣ', 'ኣ', 'ስትድዮ', 2),
(2, 'ኣኣ', 'ኣኣ', 'ኣኣ', 'ስትድዮ', 1),
(3, 'ቅ', 'ቅ', 'ቅ', 'በዓል 1-መደቀሲ', 1),
(4, 'ስ', 'ስ', 'ስ', 'በዓል 1-መደቀሲ', 2),
(5, 'ቕ', 'ቕ', 'ቕ', 'በዓል 2-መደቀሲ', 2),
(6, 'ቅቅ', 'ቅቅ', 'ቅቅ', 'በዓል 2-መደቀሲ', 1),
(7, 'ዝ', 'ዝ', 'ዝ', 'በዓል 3-መደቀሲ', 2),
(8, 'ዝዝ', 'ዝዝ', 'ዝዝ', 'በዓል 3-መደቀሲ', 1),
(9, 'ኣኣ', 'ኣኣ', 'ኣኣ', 'ስትድዮ', 2),
(10, 'ኣ', 'ኣ', 'ኣ', 'ስትድዮ', 1),
(11, 'ኣ', 'ኣ', 'ኣ', 'ስትድዮ', 2),
(12, 'ኣኣ', 'ኣኣ', 'ኣኣ', 'ስትድዮ', 1),
(13, 'ስስ', 'ስስ', 'ስስ', 'በዓል 1-መደቀሲ', 1),
(14, 'ቅ', 'ቅ', 'ቅ', 'በዓል 1-መደቀሲ', 2),
(15, 'ቕ', 'ቕ', 'ቕ', 'በዓል 2-መደቀሲ', 2),
(16, 'ቅቅ', 'ቅቅ', 'ቅቅ', 'በዓል 2-መደቀሲ', 1),
(17, 'ዝ', 'ዝ', 'ዝ', 'በዓል 3-መደቀሲ', 2),
(18, 'ዝዝ', 'ዝዝ', 'ዝዝ', 'በዓል 3-መደቀሲ', 1),
(19, 'ኣኣ', 'ኣኣ', 'ኣኣ', 'ስትድዮ', 2),
(20, 'ኣ', 'ኣ', 'ኣ', 'ስትድዮ', 1),
(21, 'ስስ', 'ስስ', 'ስስ', 'በዓል 1-መደቀሲ', 1),
(22, 'ቅ', 'ቅ', 'ቅ', 'በዓል 1-መደቀሲ', 2),
(23, 'ዝ', 'ዝ', 'ዝ', 'በዓል 3-መደቀሲ', 1),
(24, 'ዝዝ', 'ዝዝ', 'ዝዝ', 'በዓል 3-መደቀሲ', 2),
(25, 'ቕ', 'ቕ', 'ቕ', 'በዓል 2-መደቀሲ', 1),
(26, 'ቅቅ', 'ቅቅ', 'ቅቅ', 'በዓል 2-መደቀሲ', 2),
(27, 'ኣ', 'ኣ', 'ኣ', 'ስትድዮ', 1),
(28, 'ኣኣ', 'ኣኣ', 'ኣኣ', 'ስትድዮ', 2),
(29, 'ስ', 'ስ', 'ስ', 'በዓል 1-መደቀሲ', 1),
(30, 'ስስ', 'ስስ', 'ስስ', 'በዓል 1-መደቀሲ', 2),
(31, 'ቕ', 'ቕ', 'ቕ', 'በዓል 2-መደቀሲ', 1),
(32, 'ቅቅ', 'ቅቅ', 'ቅቅ', 'በዓል 2-መደቀሲ', 2),
(33, 'ዝ', 'ዝ', 'ዝ', 'በዓል 3-መደቀሲ', 2),
(34, 'ዝዝ', 'ዝዝ', 'ዝዝ', 'በዓል 3-መደቀሲ', 1);

-- --------------------------------------------------------

--
-- Table structure for table `associations`
--

DROP TABLE IF EXISTS `associations`;
CREATE TABLE IF NOT EXISTS `associations` (
  `id` int(255) NOT NULL AUTO_INCREMENT,
  `roundId` int(255) NOT NULL,
  `associationName` varchar(255) COLLATE utf8_unicode_ci NOT NULL,
  `registrationNumber` int(255) NOT NULL,
  `nameOfChairman` varchar(255) NOT NULL,
  `phoneNumber` varchar(255) NOT NULL,
  PRIMARY KEY (`id`),
  KEY `roundId` (`roundId`)
) ENGINE=MyISAM AUTO_INCREMENT=12766 DEFAULT CHARSET=utf8 COLLATE=utf8_unicode_ci;

--
-- Dumping data for table `associations`
--

INSERT INTO `associations` (`id`, `roundId`, `associationName`, `registrationNumber`, `numberOfMembers`) VALUES
(12765, 2, 'Round_2___ፈተኽ ዝብል ዕጥቂ የለን', 914, 20),
(12764, 2, 'Round_2___ዋሓሰና', 913, 20),
(12763, 2, 'Round_2___ህዳሰ ከተማ ዲያስፖራ', 912, 20),
(12762, 2, 'Round_2___ፍረ ቃልሲ ደደቢት ', 911, 20),
(12761, 2, 'Round_2___14ኛ ሞተራይዝድ ', 910, 20),
(12760, 2, 'Round_2___ጉና 2020', 909, 20),
(12759, 2, 'Round_2___ሓዱሽ ሂወት ', 908, 20),
(12758, 2, 'Round_2___01/ካዛ', 907, 20),
(12756, 2, 'Round_2___ትዕግስቲ 07', 905, 20),
(12757, 2, 'Round_2___ፍትሒ 2009 ናይ 20', 906, 20),
(12754, 2, 'Round_2___ማርዋ ባዶ ሓደ', 903, 20),
(12755, 2, 'Round_2___ሰመረ', 904, 20),
(12753, 2, 'Round_2___ትንሳኤ ብርሃን 2009', 902, 20),
(12752, 2, 'Round_2___ዘፍጥረት ', 901, 20),
(12751, 2, 'Round_2___ስኒት 25', 900, 20),
(12750, 2, 'Round_2___ቃሊ ኪዳን 21', 899, 20),
(12749, 2, 'Round_2___ጨለዓንቋ ', 898, 20),
(12748, 2, 'Round_2___ፈለገብርሃን 24', 897, 20),
(12747, 2, 'Round_2___መሰረት 40', 896, 20),
(12746, 2, 'Round_2___ኣሊላ 2017', 895, 20),
(12745, 2, 'Round_2___ገስገስቲ ', 894, 20),
(12744, 2, 'Round_2___ዕብየት ብሕብረት ', 893, 20),
(12743, 2, 'Round_2___ኣርሴማ ቅድስት 24', 892, 20),
(12742, 2, 'Round_2___ብርቱኳን ', 891, 20),
(12741, 2, 'Round_2___ኣቢሲኒያ 21', 890, 20),
(12740, 2, 'Round_2___ስዳሮ ገዛና ', 889, 20),
(12739, 2, 'Round_2___ፋወና ', 888, 20),
(12738, 2, 'Round_2___ወዛም 24', 887, 20),
(12737, 2, 'Round_2___ህዱእ 2009', 886, 20),
(12736, 2, 'Round_2___ቀስተ ደመና 05', 885, 20),
(12734, 2, 'Round_2___ኒያት  ', 883, 20),
(12735, 2, 'Round_2___መስጊ ', 884, 20),
(12733, 2, 'Round_2___ፅጌሬዳ 1988', 882, 20),
(12732, 2, 'Round_2___ፅላል ሞሞና 25', 881, 20),
(12731, 2, 'Round_2___ዝያዳ ፍቕሪ ', 880, 20),
(12730, 2, 'Round_2___ሓወልቲ 99', 879, 20),
(12729, 2, 'Round_2___መቕረዝ ', 878, 20),
(12728, 2, 'Round_2___ኳሪ', 877, 20),
(12727, 2, 'Round_2___ሰምሃል 3', 876, 20),
(12726, 2, 'Round_2___ፈለግ ትግራይ ', 875, 20),
(12725, 2, 'Round_2___ሰሚና 20', 874, 20),
(12724, 2, 'Round_2___ብሪሂንጎ 2', 873, 20),
(12723, 2, 'Round_2___50 ሎሚን ', 872, 20),
(12722, 2, 'Round_2___ማርዳ 48ሕ', 871, 20),
(12721, 2, 'Round_2___ናይና ንኹልና ', 869, 20),
(12720, 2, 'Round_2___ሮማናት 3', 868, 20),
(12719, 2, 'Round_2___መቐረት ', 867, 20),
(12718, 2, 'Round_2___ኣሰና 12', 866, 20),
(12717, 2, 'Round_2___ርግኣት', 865, 20),
(12716, 2, 'Round_2___ትንሳኤ 24', 864, 20),
(12715, 2, 'Round_2___ኣቢሲኒያ 12', 863, 20),
(12714, 2, 'Round_2___ለምለም መቐለ ሕምባሻ', 862, 20),
(12713, 2, 'Round_2___ሩፉታ ንሰላም', 861, 20),
(12712, 2, 'Round_2___ጉያ ጉያ ', 860, 20),
(12711, 2, 'Round_2___በእምነት ', 859, 20),
(12710, 2, 'Round_2___ብሩህ ተስፋ 06', 858, 20),
(12709, 2, 'Round_2___ደብረ ጥበብ ', 857, 20),
(12708, 2, 'Round_2___ይሓ መቐለ ዩኒቨርስቲ ', 856, 20),
(12707, 2, 'Round_2___መዐሚ ኣንበሳ 21', 855, 20),
(12706, 2, 'Round_2___ቤተልሄም ', 854, 20),
(12705, 2, 'Round_2___ክራባት ', 853, 20),
(12704, 2, 'Round_2___ጓል ፀሃየ', 852, 20),
(12703, 2, 'Round_2___ከዋኽብቲ', 851, 20),
(12702, 2, 'Round_2___ሓያት 2009', 850, 20),
(12701, 2, 'Round_2___ምድረ ከንኣን ዓዲ ሓቂ', 849, 20),
(12700, 2, 'Round_2___ሰናይ 2120', 848, 20),
(12699, 2, 'Round_2___ለምለም ገዛና 24', 847, 20),
(12698, 2, 'Round_2___ሀ-ስኬት', 846, 20),
(12694, 2, 'Round_2___ሜይደይ 23', 842, 20),
(12697, 2, 'Round_2___የማናይ ', 845, 20),
(12696, 2, 'Round_2___ናትና 50', 844, 20),
(12695, 2, 'Round_2___ቅድስት ማርያም ', 843, 20),
(12693, 2, 'Round_2___ኣክስማዊት ', 841, 20),
(12692, 2, 'Round_2___ብርጭቅታ', 840, 20),
(12691, 2, 'Round_2___ኮርዕዳይ ', 839, 20),
(12690, 2, 'Round_2___ደጊም ደሓን 21', 838, 20),
(12689, 2, 'Round_2___ፀባየ ሰናይ', 837, 20),
(12686, 2, 'Round_2___ካስትል', 834, 20),
(12687, 2, 'Round_2___ዳኣማት 19', 835, 20),
(12688, 2, 'Round_2___ኣልፋ 2009', 836, 20),
(12685, 2, 'Round_2___መሰቦ ርውየት 24', 833, 20),
(12684, 2, 'Round_2___ዝባን ዳዕሮ', 832, 20),
(12683, 2, 'Round_2___ኣሜን 2009', 831, 20),
(12682, 2, 'Round_2___ሰተሰምሃል 2010', 830, 20),
(12679, 2, 'Round_2___ፍረ ፃማ 2009', 827, 20),
(12680, 2, 'Round_2___ሚያዝያ 21', 828, 20),
(12681, 2, 'Round_2___ሓላል 2010', 829, 20),
(12678, 2, 'Round_2___ሰኒት 21', 826, 20),
(12677, 2, 'Round_2___ቤቴል 39', 825, 20),
(12676, 2, 'Round_2___ሞሪንጋ 2009', 824, 20),
(12674, 2, 'Round_2___ቃል 01', 822, 20),
(12675, 2, 'Round_2___ናታሌም ', 823, 20),
(12673, 2, 'Round_2___ፅዮን መቐለ', 821, 20),
(12671, 2, 'Round_2___ቤተ ከንዓን 07 ', 819, 20),
(12672, 2, 'Round_2___ፍርያት 2009', 820, 20),
(12670, 2, 'Round_2___መትከል 2011', 818, 20),
(12669, 2, 'Round_2___ትምኒት 2010', 817, 20),
(12668, 2, 'Round_2___ኣሃዱ ፍቅሪ', 816, 20),
(12667, 2, 'Round_2___ነሓሰ 16', 815, 20),
(12666, 2, 'Round_2___ህያብ 2009', 814, 20),
(12665, 2, 'Round_2___ዝያዳ ኹሉ 01', 813, 20),
(12664, 2, 'Round_2___ሕዳር 21', 812, 20),
(12663, 2, 'Round_2___ለውጢ ብ20', 811, 20),
(12662, 2, 'Round_2___ማርያማዊት ', 810, 20),
(12661, 2, 'Round_2___ዕምባባ መስቀል ', 809, 20),
(12660, 2, 'Round_2___ስምረት ትግራይ ', 808, 20),
(12659, 2, 'Round_2___ሓባሪት 16', 807, 20),
(12658, 2, 'Round_2___ፅላል ኩልና ', 806, 20),
(12657, 2, 'Round_2___ትግራይ ', 805, 20),
(12656, 2, 'Round_2___ፍኖተ ኖቤል ', 804, 20),
(12655, 2, 'Round_2___ዋሪ', 803, 20),
(12654, 2, 'Round_2___ኣሃዱ ቅ/ሩፋኤል ', 802, 20),
(12653, 2, 'Round_2___ሀዚ - ግርም', 801, 20),
(12652, 2, 'Round_2___ብርሽዋ ', 800, 20),
(12651, 2, 'Round_2___ፅዮን 16', 799, 20),
(12650, 2, 'Round_2___ዲማ ጊዮርጊስ 23', 798, 20),
(12649, 2, 'Round_2___ኒዲክ', 797, 20),
(12648, 2, 'Round_2___ሓኽፈን ', 796, 20),
(12647, 2, 'Round_2___ኬብሮን ', 795, 20),
(12646, 2, 'Round_2___ፋሲካ', 794, 20),
(12645, 2, 'Round_2___ሓመር ', 793, 20),
(12644, 2, 'Round_2___ያም ', 792, 20),
(12643, 2, 'Round_2___መዝባዕ ', 791, 20),
(12641, 2, 'Round_2___መና ', 789, 20),
(12642, 2, 'Round_2___ዕድል', 790, 20),
(12640, 2, 'Round_2___ማሕሌት ', 788, 20),
(12639, 2, 'Round_2___ሆሳእና 5500', 787, 20),
(12638, 2, 'Round_2___ሞዓም ኣንበሳ 12', 786, 20),
(12637, 2, 'Round_2___ደጀና ', 785, 20),
(12636, 2, 'Round_2___ኣውነ እንድርያስ ', 784, 20),
(12635, 2, 'Round_2___ኾኾብ ፅባሕ', 783, 20),
(12634, 2, 'Round_2___ፍስሃወሰላም 12', 782, 20),
(12633, 2, 'Round_2___ፍረ ማርች 8', 781, 20),
(12632, 2, 'Round_2___ጉር ሑፃ', 780, 20),
(12631, 2, 'Round_2___ኢንጅነርስ ', 779, 20),
(12630, 2, 'Round_2___ዳግማዊ ትንሳኤ ቑፅሪ 7', 778, 20),
(12629, 2, 'Round_2___ደጀና 112', 777, 20),
(12626, 2, 'Round_2___ወየንቲ ቑ.14', 774, 20),
(12627, 2, 'Round_2___ኣልፋ ኦሜጋ ', 775, 20),
(12628, 2, 'Round_2___ቤተ ነፃነት ', 776, 20),
(12625, 2, 'Round_2___ዕግበት ህሊና ', 773, 20),
(12624, 2, 'Round_2___ትራንስ ትዕበ', 772, 20),
(12623, 2, 'Round_2___ኣግኣዚያን ', 771, 20),
(12622, 2, 'Round_2___2000 ሓበሻ', 770, 20),
(12621, 2, 'Round_2___ዝተረፈት ሂወት መቐለ', 769, 20),
(12620, 2, 'Round_2___ሰላም ንኹሉ-1', 768, 20),
(12618, 2, 'Round_2___ቅሳነት 21', 766, 20),
(12619, 2, 'Round_2___መሳልል', 767, 20),
(12617, 2, 'Round_2___ሰጉም ', 765, 20),
(12616, 2, 'Round_2___ጉልዳም ', 764, 20),
(12615, 2, 'Round_2___ዘመነ ኣሃዱ ', 763, 20),
(12614, 2, 'Round_2___እፀ ወይኒ 1120', 762, 20),
(12613, 2, 'Round_2___ሩፋታ ቑ.22', 761, 20),
(12612, 2, 'Round_2___ቐዳማይ ወያነ ቑ.4', 760, 20),
(12611, 2, 'Round_2___ቅዱስ ገ/ኤል ቑ.2', 759, 20),
(12610, 2, 'Round_2___ፍረ ሱር', 758, 20),
(12609, 2, 'Round_2___ምዕራፍ ሱር', 757, 20),
(12608, 2, 'Round_2___ሰናይ ምዕባይ ', 756, 20),
(12607, 2, 'Round_2___ቀለበት 20/ሀ', 755, 20),
(12606, 2, 'Round_2___ፋና ሱር ', 754, 20),
(12605, 2, 'Round_2___ኣብነት 19', 753, 20),
(12604, 2, 'Round_2___ሰሊና - 19', 752, 20),
(12603, 2, 'Round_2___ፍቅረ 20', 751, 20),
(12602, 2, 'Round_2___ኣሜን ', 750, 20),
(12601, 2, 'Round_2___ዳግማይ ትንሳኤ ', 749, 20),
(12600, 2, 'Round_2___ደብረ ሰላም ቑ.2', 748, 20),
(12599, 2, 'Round_2___ህያብ ሓደ', 747, 20),
(12598, 2, 'Round_2___ብሩህ ተስፋ መቐለ', 746, 20),
(12597, 2, 'Round_2___ዑና ', 745, 20),
(12596, 2, 'Round_2___ሳዕሪ ሮማዲ', 744, 20),
(12595, 2, 'Round_2___ዛንታና', 743, 20),
(12592, 2, 'Round_2___ሚዘር 70 ካሬ ሜትር', 740, 20),
(12593, 2, 'Round_2___ሰምሃል 12', 741, 20),
(12594, 2, 'Round_2___ጎጎ', 742, 20),
(12591, 2, 'Round_2___ዘ-ኣርከበት ኵሓ', 739, 20),
(12590, 2, 'Round_2___ጎህ ', 738, 20),
(12589, 2, 'Round_2___ሞርያና ', 737, 20),
(12588, 2, 'Round_2___ሱር ደሊና', 736, 20),
(12587, 2, 'Round_2___ሕሪቲ 201', 735, 20),
(12586, 2, 'Round_2___ዘቢብ ኵሓ', 734, 20),
(12585, 2, 'Round_2___መሳኑ ለምለም ', 733, 20),
(12584, 2, 'Round_2___ፅላል ሰርዶ', 732, 20),
(12583, 2, 'Round_2___ሃሪከዋ ሱር ', 731, 20),
(12582, 2, 'Round_2___ዋልታ ኵሓ ', 730, 20),
(12581, 2, 'Round_2___ሱር ረዊና ', 729, 20),
(12580, 2, 'Round_2___ዘ-ምሕረት ከ-16', 728, 20),
(12579, 2, 'Round_2___ሰብ ብዓዱ', 727, 20),
(12578, 2, 'Round_2___ለምለም 19', 726, 20),
(12577, 2, 'Round_2___ፋና መናእሰይ ጉጅለ 1', 725, 20),
(12576, 2, 'Round_2___መረብ ', 724, 20),
(12575, 2, 'Round_2___ሄቨን 2017', 723, 20),
(12574, 2, 'Round_2___ዙፋን ሱር ', 722, 20),
(12573, 2, 'Round_2___ህዳሴ 2009', 721, 20),
(12572, 2, 'Round_2___ዕፀ ጳጦስ ', 720, 20),
(12571, 2, 'Round_2___ኣቢሲኒያ ', 719, 20),
(12570, 2, 'Round_2___ሳሌም 21', 718, 20),
(12569, 2, 'Round_2___ኣዴራ ', 717, 20),
(12568, 2, 'Round_2___ካናል ', 716, 20),
(12567, 2, 'Round_2___ርግኣት 12', 715, 20),
(12566, 2, 'Round_2___መለስ ዜናዊ', 714, 20),
(12565, 2, 'Round_2___ካስዋ ዳሮ', 713, 20),
(12564, 2, 'Round_2___ገሊላ', 712, 20),
(12563, 2, 'Round_2___ማርዳ 12', 711, 20),
(12562, 2, 'Round_2___ፍኖተ ብርሃን ', 710, 20),
(12561, 2, 'Round_2___ምዕራፍ 2009', 709, 20),
(12560, 2, 'Round_2___ማርታ - ሱር', 708, 20),
(12559, 2, 'Round_2___ፍረ ሰላም 12', 707, 20),
(12558, 2, 'Round_2___ዘውዲ መቐለ', 706, 20),
(12557, 2, 'Round_2___ወጋሕታ ', 705, 20),
(12556, 2, 'Round_2___ርትዒ', 704, 20),
(12555, 2, 'Round_2___ፅዴና ዓይደር ', 703, 20),
(12554, 2, 'Round_2___ራእሲ ኣሉላ 27', 702, 20),
(12552, 2, 'Round_2___ቃል መለስ ', 700, 20),
(12553, 2, 'Round_2___ትሕረ', 701, 20),
(12551, 2, 'Round_2___ሀ-2', 699, 20),
(12550, 2, 'Round_2___ቅድስት ኣርሴማ 29', 698, 20),
(12549, 2, 'Round_2___ተክልየ 24', 697, 20),
(12548, 2, 'Round_2___ስኬት 1 ', 696, 20),
(12547, 2, 'Round_2___ዘ ኣርከበት ', 695, 20),
(12546, 2, 'Round_2___ጎጆ ናፅነት 20', 694, 20),
(12544, 2, 'Round_2___ኣክስማዊት 17', 692, 20),
(12545, 2, 'Round_2___ገዛና 14', 693, 20),
(12543, 2, 'Round_2___ኣቦጊዳ', 691, 20),
(12541, 2, 'Round_2___20 ፃዓዱ ገዛ ', 689, 20),
(12542, 2, 'Round_2___ወይን 20', 690, 20),
(12540, 2, 'Round_2___ዳዕሮ 20', 688, 20),
(12539, 2, 'Round_2___ምድረ ኤዶም ', 687, 20),
(12538, 2, 'Round_2___ምዕራፍ 20', 686, 20),
(12537, 2, 'Round_2___ፍረ ቤተ ፋና ', 685, 20),
(12536, 2, 'Round_2___ሓዱሽ ውህደት ', 684, 20),
(12535, 2, 'Round_2___ረዊና 20', 683, 20),
(12534, 2, 'Round_2___ማርሽ ቀያሪ', 682, 20),
(12533, 2, 'Round_2___ወልዋሎ ', 681, 20),
(12532, 2, 'Round_2___ኣሉላ ኣባ ነጋ 2009', 680, 20),
(12531, 2, 'Round_2___ቪላና', 679, 20),
(12530, 2, 'Round_2___ኣሰር ተጋሩ ', 678, 20),
(12529, 2, 'Round_2___ተስፋ በፃዕርና', 677, 20),
(12528, 2, 'Round_2___ማርታ/20/09', 676, 20),
(12527, 2, 'Round_2___ፋና ብሩህ ተስፋ ', 675, 20),
(12526, 2, 'Round_2___67 ፋና ', 674, 20),
(12525, 2, 'Round_2___ኣግኣዚ 12 ', 673, 20),
(12524, 2, 'Round_2___ኣግኣዚ 2009', 672, 20),
(12523, 2, 'Round_2___ተውፊቅ ሰላም ', 671, 20),
(12522, 2, 'Round_2___ሰኒት 16', 670, 20),
(12521, 2, 'Round_2___ግርማ ማርያም ', 669, 20),
(12519, 2, 'Round_2___ኣብነት', 667, 20),
(12520, 2, 'Round_2___ዳግማዊ መቐለ ዩኒቨርስቲ', 668, 20),
(12518, 2, 'Round_2___ዳግማዊት እየሩሳሌም 20 ', 666, 20),
(12517, 2, 'Round_2___ጀማሪት ጉዕዞ ለውጢ', 665, 20),
(12516, 2, 'Round_2___ልምዓት ንሕዳሰ', 664, 20),
(12514, 2, 'Round_2___ደጀን ቑ.2', 662, 20),
(12515, 2, 'Round_2___በለፀት', 663, 20),
(12513, 2, 'Round_2___መነፀር ልምዓት', 661, 20),
(12512, 2, 'Round_2___ደጀን 20 መቐለ', 660, 20),
(12511, 2, 'Round_2___ምሕረት ', 659, 20),
(12508, 2, 'Round_2___ሓዱሽ ሂወት ክልተ ', 656, 20),
(12510, 2, 'Round_2___ፀዲና ', 658, 20),
(12509, 2, 'Round_2___ኪዳነ ምህረት ', 657, 20),
(12507, 2, 'Round_2___ምትሕግጋዝ ንዓወት ', 655, 20),
(12506, 2, 'Round_2___ርስቲ መንደር - 1', 654, 20),
(12505, 2, 'Round_2___ኣሃዱ ሀሁ', 653, 20),
(12502, 2, 'Round_2___ሓይልና ንዳሓር ቑ.8', 650, 20),
(12504, 2, 'Round_2___ነፃነት 11', 652, 20),
(12503, 2, 'Round_2___ናተይ ዝብሎ ', 651, 20),
(12501, 2, 'Round_2___ማሕበር 80', 649, 20),
(12500, 2, 'Round_2___ካሉብ ', 648, 20),
(12499, 2, 'Round_2___ኦጋዴን ኣንበሳ', 647, 20),
(12498, 2, 'Round_2___ጎላጉል ትግራይ ', 646, 20),
(12497, 2, 'Round_2___ህድሞና ሓደ ', 645, 20),
(12496, 2, 'Round_2___ሆሳእና ለምለም', 644, 20),
(12495, 2, 'Round_2___ደብረ ዘይት', 643, 20),
(12494, 2, 'Round_2___ዲማ ማርያም ', 642, 20),
(12493, 2, 'Round_2___ድጉብ መስኖ', 641, 20),
(12492, 2, 'Round_2___ቕንዕና 11', 640, 20),
(12491, 2, 'Round_2___ሆሳእና ሉሲ', 639, 20),
(12490, 2, 'Round_2___ኣካዳሚ', 638, 20),
(12489, 2, 'Round_2___ሮዊና 2009', 637, 20),
(12488, 2, 'Round_2___ሕውነት ትራንስ ', 636, 20),
(12487, 2, 'Round_2___ሰላም 11', 635, 20),
(12486, 2, 'Round_2___ኣሉላ ኣባ ነጋ 19', 634, 20),
(12485, 2, 'Round_2___ራኢ መለስ 1967 ', 633, 20),
(12484, 2, 'Round_2___ተጋድሎ', 632, 20),
(12483, 2, 'Round_2___ትንሳኤ ማርያም ጉግሳ', 631, 20),
(12482, 2, 'Round_2___ትንሳኤ ብርሃን ', 630, 20),
(12481, 2, 'Round_2___ብርንሂጎ', 629, 20),
(12480, 2, 'Round_2___ሞሞና 21', 628, 20),
(12479, 2, 'Round_2___ኣግኣዚ መንደር ', 627, 20),
(12478, 2, 'Round_2___ሕብረት ስታፍ ', 626, 20),
(12477, 2, 'Round_2___ብስራት ', 625, 20),
(12476, 2, 'Round_2___ቕሳነት 2009 ዓ.ም', 624, 20),
(12475, 2, 'Round_2___ወሰን ', 623, 20),
(12474, 2, 'Round_2___ቤተ ኣብርሃምና ይሳቅ', 622, 20),
(12473, 2, 'Round_2___ዓይኒ መቐለ ቑ.2', 621, 20),
(12472, 2, 'Round_2___ፈንቅል ሓይሊ 20', 620, 20),
(12471, 2, 'Round_2___ኣርከበ 12', 619, 20),
(12470, 2, 'Round_2___ዘመናይ', 618, 20),
(12469, 2, 'Round_2___መከወት ', 617, 20),
(12468, 2, 'Round_2___ተስፋ 70', 616, 20),
(12467, 2, 'Round_2___ብሩህ ተስፋ 2009', 615, 20),
(12465, 2, 'Round_2___ማኣዲ ሓበሻ ', 613, 20),
(12466, 2, 'Round_2___ሕውነት ኣዲስ ኣበባ ', 614, 20),
(12464, 2, 'Round_2___ህያብ ቃልስና', 612, 20),
(12463, 2, 'Round_2___ሆሳእና ማ-01-2009', 611, 20),
(12462, 2, 'Round_2___ሰኒት ተጋሩ', 610, 20),
(12461, 2, 'Round_2___ይሓ ሞቋ', 609, 20),
(12460, 2, 'Round_2___ስፍራ ጀጋኑ', 608, 20),
(12459, 2, 'Round_2___ፍረ ለካቲት 67/2009', 607, 20),
(12458, 2, 'Round_2___ምትሕግጋዝ ', 606, 20),
(12457, 2, 'Round_2___ማርታ 27', 605, 20),
(12456, 2, 'Round_2___ንኡዳት ', 604, 20),
(12455, 2, 'Round_2___ሰሜን ', 603, 20),
(12454, 2, 'Round_2___ጋሻ ወርቂ ', 602, 20),
(12453, 2, 'Round_2___እፎይታ ሸላ', 601, 20),
(12451, 2, 'Round_2___ፋና መንበሪ ገዛ', 599, 20),
(12452, 2, 'Round_2___ኣውረራ', 600, 20),
(12450, 2, 'Round_2___ሰላም ትግራይ ', 598, 20),
(12449, 2, 'Round_2___ሓዱሽ ኣርአያ ', 597, 20),
(12448, 2, 'Round_2___ሓድነት 2009', 596, 20),
(12447, 2, 'Round_2___ዋ የቐንየልና ትግራይ ', 595, 20),
(12446, 2, 'Round_2___ፍረ ኣሞራ ሕብረት ተጋደልቲ', 594, 20),
(12445, 2, 'Round_2___ላሚናር ', 593, 20),
(12444, 2, 'Round_2___ፍረ ሰላም 20 ', 592, 20),
(12443, 2, 'Round_2___ፈለገ ሂወት', 591, 20),
(12442, 2, 'Round_2___ሰሎዳ 27', 590, 20),
(12441, 2, 'Round_2___A-ማሕበር 70', 589, 20),
(12440, 2, 'Round_2___ዲማ 2009 ', 588, 20),
(12439, 2, 'Round_2___መኣዲ 2020', 587, 20),
(12438, 2, 'Round_2___ሞቃ ቤቶም', 586, 20),
(12437, 2, 'Round_2___ድልየት', 585, 20),
(12436, 2, 'Round_2___ብዕድላ ', 584, 20),
(12435, 2, 'Round_2___ራእይ መለስ ', 583, 20),
(12434, 2, 'Round_2___ማዕርነት 2000', 582, 20),
(12433, 2, 'Round_2___ፋና ፍረ 2009', 581, 20),
(12432, 2, 'Round_2___ዋልታ 11', 580, 20),
(12431, 2, 'Round_2___ሰላም ኻልኣይ ዙር ', 579, 20),
(12430, 2, 'Round_2___ስምረት 11', 578, 20),
(12429, 2, 'Round_2___ፅላሎት ሰማይ', 577, 20),
(12428, 2, 'Round_2___ኣውሊዕ 2009', 576, 20),
(12427, 2, 'Round_2___ፍረ ጀጋኑ 2011', 575, 20),
(12426, 2, 'Round_2___ፅላል DFP', 574, 20),
(12425, 2, 'Round_2___ፃዕሪ 20/DF/', 573, 20),
(12424, 2, 'Round_2___አፕሬሽን ሳንሴት', 572, 20),
(12423, 2, 'Round_2___ፅላል 11-20', 571, 20),
(12422, 2, 'Round_2___ማዕርነት 2009 ', 570, 20);

-- --------------------------------------------------------

--
-- Table structure for table `cond`
--

DROP TABLE IF EXISTS `cond`;
CREATE TABLE IF NOT EXISTS `cond` (
  `id` int(11) NOT NULL AUTO_INCREMENT,
  `cond_cod` int(100) NOT NULL,
  `n_studio` int(100) NOT NULL,
  `n_one` int(100) NOT NULL,
  `n_two` int(100) NOT NULL,
  `n_three` int(100) NOT NULL,
  UNIQUE KEY `id` (`id`)
) ENGINE=MyISAM AUTO_INCREMENT=2 DEFAULT CHARSET=latin1;

--
-- Dumping data for table `cond`
--

INSERT INTO `cond` (`id`, `cond_cod`, `n_studio`, `n_one`, `n_two`, `n_three`) VALUES
(1, 23, 2, 2, 2, 2);

-- --------------------------------------------------------

--
-- Table structure for table `contructors`
--

DROP TABLE IF EXISTS `contructors`;
CREATE TABLE IF NOT EXISTS `contructors` (
  `id` int(255) NOT NULL AUTO_INCREMENT,
  `roundId` int(255) NOT NULL,
  `contructorName` varchar(255) COLLATE utf8_unicode_ci NOT NULL,
  `phone` varchar(20) COLLATE utf8_unicode_ci NOT NULL,
  `address` varchar(255) COLLATE utf8_unicode_ci NOT NULL,
  `rank` int(10) NOT NULL,
  PRIMARY KEY (`id`),
  KEY `roundId` (`roundId`)
) ENGINE=MyISAM AUTO_INCREMENT=19 DEFAULT CHARSET=utf8 COLLATE=utf8_unicode_ci;

--
-- Dumping data for table `contructors`
--

INSERT INTO `contructors` (`id`, `roundId`, `contructorName`, `phone`, `address`, `rank`) VALUES
(1, 1, 'Round_1___ተክለብርሃን እምባየ', '98788', 'ኣዲስ ኣበባ', 1),
(2, 1, 'Round_1___ዛምራ', '088', 'መቀለ', 1),
(3, 1, 'Round_1___ሱር', '778', 'መቀለ', 1),
(4, 1, 'Round_1___ህንፃ', '787', 'ኣዲሳ ኣበባ', 2),
(5, 1, 'Round_1___ቴድሮስ ', '777', 'መቀለ', 2),
(6, 1, 'Round_1___ኪዳነ', '6565', 'መቀለ', 1),
(17, 2, 'Round_2___ድፍህየር ኮን', '547488', 'ፍህፍክክ', 8),
(8, 1, 'Round_1___ብስራት', '6565', 'ዓዲግራት', 3),
(13, 2, 'Round_2___ሳኣ ኮን', '2', '2', 1),
(11, 1, 'Round_1___ብሪጅ', '0914', 'መቀለ', 1),
(15, 4, 'Round_4___ድህ', '34', 'ርትህይ', 1),
(18, 2, 'Round_2___ድህፍህ ኮንታራክተር', '5756868', 'ፍድህርድትጅ', 2);

-- --------------------------------------------------------

--
-- Table structure for table `customer`
--

DROP TABLE IF EXISTS `customer`;
CREATE TABLE IF NOT EXISTS `customer` (
  `cus_id` int(11) NOT NULL AUTO_INCREMENT,
  `Fname` varchar(100) NOT NULL,
  `Mname` varchar(100) NOT NULL,
  `Lname` varchar(100) NOT NULL,
  `Address` varchar(100) NOT NULL,
  `Interest` varchar(100) NOT NULL,
  PRIMARY KEY (`cus_id`)
) ENGINE=MyISAM AUTO_INCREMENT=10 DEFAULT CHARSET=utf8;

--
-- Dumping data for table `customer`
--

INSERT INTO `customer` (`cus_id`, `Fname`, `Mname`, `Lname`, `Address`, `Interest`) VALUES
(1, 'ኣኣ', 'ኣኣ', 'ኣኣ', 'ኣኣ', 'ስትድዮ'),
(2, 'ኣ', 'ኣ', 'ኣ', 'ኣ', 'ስትድዮ'),
(3, 'ስ', 'ስ', 'ስ', 'ስ', 'በዓል 1-መደቀሲ'),
(4, 'ስስ', 'ስስ', 'ስስ', 'ስስ', 'በዓል 1-መደቀሲ'),
(5, 'ቅ', 'ቅ', 'ቅ', 'ቅ', 'በዓል 1-መደቀሲ'),
(6, 'ቅቅ', 'ቅቅ', 'ቅቅ', 'ቅቅ', 'በዓል 2-መደቀሲ'),
(7, 'ቕ', 'ቕ', 'ቕ', 'ቕ', 'በዓል 2-መደቀሲ'),
(8, 'ዝ', 'ዝ', 'ዝ', 'ዝ', 'በዓል 3-መደቀሲ'),
(9, 'ዝዝ', 'ዝዝ', 'ዝዝ', 'ዝዝ', 'በዓል 3-መደቀሲ');

-- --------------------------------------------------------

--
-- Table structure for table `cus_cond`
--

DROP TABLE IF EXISTS `cus_cond`;
CREATE TABLE IF NOT EXISTS `cus_cond` (
  `id` int(11) NOT NULL AUTO_INCREMENT,
  `Fname` varchar(100) CHARACTER SET utf8 NOT NULL,
  `Mname` varchar(100) CHARACTER SET utf8 NOT NULL,
  `Lname` varchar(100) CHARACTER SET utf8 NOT NULL,
  `Address` varchar(100) CHARACTER SET utf8 NOT NULL,
  `Interest` varchar(100) CHARACTER SET utf8 NOT NULL,
  `Block` varchar(100) CHARACTER SET utf8 NOT NULL,
  UNIQUE KEY `id` (`id`)
) ENGINE=MyISAM DEFAULT CHARSET=latin1;

-- --------------------------------------------------------

--
-- Table structure for table `housewinnerassociations`
--

DROP TABLE IF EXISTS `housewinnerassociations`;
CREATE TABLE IF NOT EXISTS `housewinnerassociations` (
  `id` int(255) NOT NULL AUTO_INCREMENT,
  `associationId` int(255) NOT NULL,
  `blockNumber` varchar(255) NOT NULL,
  `roundId` int(255) NOT NULL,
  PRIMARY KEY (`id`),
  KEY `associationId` (`associationId`)
) ENGINE=MyISAM AUTO_INCREMENT=605 DEFAULT CHARSET=utf8 COLLATE=utf8_unicode_ci;

--
-- Dumping data for table `housewinnerassociations`
--

INSERT INTO `housewinnerassociations` (`id`, `associationId`, `blockNumber`, `roundId`) VALUES
(334, 24, 1, 4),
(604, 12711, 3, 2),
(603, 12438, 2, 2),
(602, 12620, 1, 2);

-- --------------------------------------------------------

--
-- Table structure for table `housewinnerssavepoint`
--

DROP TABLE IF EXISTS `housewinnerssavepoint`;
CREATE TABLE IF NOT EXISTS `housewinnerssavepoint` (
  `id` int(255) NOT NULL AUTO_INCREMENT,
  `roundId` int(255) DEFAULT '0',
  `savePointIndex` int(255) DEFAULT '0',
  PRIMARY KEY (`id`)
) ENGINE=MyISAM AUTO_INCREMENT=699 DEFAULT CHARSET=utf8 COLLATE=utf8_unicode_ci;

--
-- Dumping data for table `housewinnerssavepoint`
--

INSERT INTO `housewinnerssavepoint` (`id`, `roundId`, `savePointIndex`) VALUES
(1, 1, 1),
(2, 1, 2),
(3, 1, 3),
(4, 1, 4),
(5, 1, 0),
(6, 1, 1),
(7, 1, 2),
(8, 1, 3),
(9, 1, 4),
(10, 1, 5),
(11, 1, 0),
(12, 1, 1),
(13, 1, 2),
(14, 1, 3),
(15, 1, 4),
(16, 1, 0),
(17, 1, 1),
(18, 1, 2),
(19, 1, 3),
(20, 1, 4),
(21, 1, 5),
(22, 1, 0),
(23, 1, 1),
(24, 1, 2),
(25, 1, 3),
(26, 1, 4),
(27, 1, 5),
(28, 1, 0),
(29, 1, 1),
(30, 1, 2),
(31, 1, 3),
(32, 1, 4),
(33, 1, 5),
(34, 1, 6),
(35, 1, 7),
(36, 1, 0),
(37, 1, 1),
(38, 1, 2),
(39, 1, 3),
(40, 1, 4),
(41, 1, 5),
(42, 1, 6),
(43, 1, 7),
(44, 1, 0),
(45, 1, 1),
(46, 1, 0),
(47, 1, 1),
(48, 1, 0),
(49, 1, 1),
(50, 1, 2),
(51, 1, 3),
(52, 1, 4),
(53, 1, 5),
(54, 1, 6),
(55, 1, 7),
(56, 1, 0),
(57, 1, 1),
(58, 1, 0),
(59, 1, 1),
(60, 1, 0),
(61, 1, 1),
(62, 1, 0),
(63, 1, 1),
(64, 1, 0),
(65, 1, 1),
(66, 1, 0),
(67, 1, 1),
(68, 1, 2),
(69, 1, 3),
(70, 1, 4),
(71, 1, 5),
(72, 1, 6),
(73, 1, 7),
(74, 1, 0),
(75, 1, 1),
(76, 1, 0),
(77, 1, 1),
(78, 1, 0),
(79, 1, 1),
(80, 1, 2),
(81, 1, 3),
(82, 1, 4),
(83, 1, 5),
(84, 1, 6),
(85, 1, 7),
(86, 1, 0),
(87, 1, 1),
(88, 1, 2),
(89, 1, 3),
(90, 1, 4),
(91, 1, 5),
(92, 1, 6),
(93, 1, 7),
(94, 1, 0),
(95, 1, 1),
(96, 1, 2),
(97, 1, 3),
(98, 1, 4),
(99, 1, 0),
(100, 1, 1),
(101, 1, 2),
(102, 1, 3),
(103, 1, 4),
(104, 1, 0),
(105, 1, 1),
(106, 1, 2),
(107, 1, 3),
(108, 1, 4),
(109, 1, 5),
(110, 1, 0),
(111, 1, 1),
(112, 1, 2),
(113, 1, 3),
(114, 1, 4),
(115, 1, 5),
(116, 1, 6),
(117, 1, 0),
(118, 1, 1),
(119, 1, 2),
(120, 1, 3),
(121, 1, 4),
(122, 1, 5),
(123, 1, 6),
(124, 1, 0),
(125, 1, 1),
(126, 1, 2),
(127, 1, 3),
(128, 1, 4),
(129, 1, 5),
(130, 1, 0),
(131, 2, 1),
(132, 2, 0),
(133, 1, 1),
(134, 1, 2),
(135, 1, 3),
(136, 1, 0),
(137, 1, 1),
(138, 1, 2),
(139, 1, 3),
(140, 1, 4),
(141, 1, 5),
(142, 1, 0),
(143, 1, 1),
(144, 1, 2),
(145, 1, 3),
(146, 1, 4),
(147, 1, 5),
(148, 1, 6),
(149, 1, 0),
(150, 1, 1),
(151, 1, 2),
(152, 1, 3),
(153, 1, 0),
(154, 2, 1),
(155, 2, 0),
(156, 1, 1),
(157, 1, 2),
(158, 1, 3),
(159, 1, 4),
(160, 1, 5),
(161, 1, 6),
(162, 1, 0),
(163, 1, 1),
(164, 1, 2),
(165, 1, 3),
(166, 1, 4),
(167, 1, 5),
(168, 1, 6),
(169, 1, 0),
(170, 1, 1),
(171, 1, 2),
(172, 1, 3),
(173, 1, 0),
(174, 1, 1),
(175, 1, 2),
(176, 1, 3),
(177, 1, 4),
(178, 1, 5),
(179, 1, 6),
(180, 1, 0),
(181, 1, 1),
(182, 1, 2),
(183, 1, 3),
(184, 1, 0),
(185, 1, 1),
(186, 1, 2),
(187, 1, 3),
(188, 1, 4),
(189, 1, 5),
(190, 1, 6),
(191, 1, 7),
(192, 1, 8),
(193, 1, 9),
(194, 1, 10),
(195, 1, 0),
(196, 1, 1),
(197, 1, 2),
(198, 1, 3),
(199, 1, 4),
(200, 1, 5),
(201, 1, 6),
(202, 1, 0),
(203, 1, 1),
(204, 1, 2),
(205, 1, 3),
(206, 1, 4),
(207, 1, 5),
(208, 1, 6),
(209, 1, 7),
(210, 1, 8),
(211, 1, 9),
(212, 1, 0),
(213, 1, 1),
(214, 1, 2),
(215, 1, 3),
(216, 1, 4),
(217, 1, 5),
(218, 1, 6),
(219, 1, 7),
(220, 1, 8),
(221, 1, 9),
(222, 1, 10),
(223, 1, 0),
(224, 1, 1),
(225, 1, 2),
(226, 1, 3),
(227, 1, 0),
(228, 1, 1),
(229, 1, 2),
(230, 1, 3),
(231, 1, 4),
(232, 1, 0),
(233, 1, 1),
(234, 1, 2),
(235, 1, 0),
(236, 1, 1),
(237, 1, 0),
(238, 1, 1),
(239, 1, 2),
(240, 1, 3),
(241, 1, 0),
(242, 1, 1),
(243, 1, 2),
(244, 1, 3),
(245, 1, 4),
(246, 1, 5),
(247, 1, 6),
(248, 1, 7),
(249, 1, 8),
(250, 1, 9),
(251, 1, 10),
(252, 1, 0),
(253, 2, 1),
(254, 2, 2),
(255, 2, 0),
(256, 1, 0),
(257, 1, 1),
(258, 1, 2),
(259, 1, 3),
(260, 1, 0),
(261, 2, 1),
(262, 2, 2),
(263, 2, 0),
(264, 2, 1),
(265, 2, 2),
(266, 2, 3),
(267, 2, 0),
(268, 1, 1),
(269, 1, 2),
(270, 1, 3),
(271, 1, 4),
(272, 1, 5),
(273, 1, 6),
(274, 1, 7),
(275, 1, 8),
(276, 1, 9),
(277, 1, 10),
(278, 1, 0),
(279, 1, 1),
(280, 1, 2),
(281, 1, 3),
(282, 1, 4),
(283, 1, 5),
(284, 1, 6),
(285, 1, 7),
(286, 1, 8),
(287, 1, 9),
(288, 1, 10),
(289, 1, 0),
(290, 4, 1),
(291, 4, 2),
(292, 4, 0),
(293, 4, 1),
(294, 4, 2),
(295, 4, 3),
(296, 4, 4),
(297, 4, 5),
(298, 4, 6),
(299, 4, 0),
(300, 2, 1),
(301, 2, 2),
(302, 2, 3),
(303, 2, 0),
(304, 4, 1),
(305, 4, 2),
(306, 4, 3),
(307, 4, 4),
(308, 4, 5),
(309, 4, 6),
(310, 4, 7),
(311, 4, 0),
(312, 1, 1),
(313, 1, 2),
(314, 1, 3),
(315, 1, 4),
(316, 1, 5),
(317, 1, 6),
(318, 1, 7),
(319, 1, 8),
(320, 1, 9),
(321, 1, 0),
(322, 2, 1),
(323, 2, 2),
(324, 2, 0),
(325, 2, 1),
(326, 2, 0),
(327, 2, 1),
(328, 2, 2),
(329, 2, 3),
(330, 2, 0),
(331, 1, 1),
(332, 1, 2),
(333, 1, 3),
(334, 1, 4),
(335, 1, 5),
(336, 1, 6),
(337, 1, 7),
(338, 1, 8),
(339, 1, 9),
(340, 1, 0),
(341, 4, 1),
(342, 4, 2),
(343, 4, 3),
(344, 4, 4),
(345, 4, 0),
(346, 2, 1),
(347, 2, 2),
(348, 2, 3),
(349, 2, 0),
(350, 1, 1),
(351, 1, 2),
(352, 1, 3),
(353, 1, 4),
(354, 1, 5),
(355, 1, 6),
(356, 1, 7),
(357, 1, 8),
(358, 1, 9),
(359, 1, 0),
(360, 1, 1),
(361, 1, 2),
(362, 1, 3),
(363, 1, 4),
(364, 1, 5),
(365, 1, 6),
(366, 1, 7),
(367, 1, 8),
(368, 1, 9),
(369, 1, 0),
(370, 1, 1),
(371, 1, 2),
(372, 1, 3),
(373, 1, 4),
(374, 1, 5),
(375, 1, 6),
(376, 1, 7),
(377, 1, 8),
(378, 1, 9),
(379, 1, 0),
(380, 1, 1),
(381, 1, 2),
(382, 1, 3),
(383, 1, 4),
(384, 1, 5),
(385, 1, 6),
(386, 1, 7),
(387, 1, 8),
(388, 1, 9),
(389, 1, 0),
(390, 1, 1),
(391, 1, 2),
(392, 1, 3),
(393, 1, 4),
(394, 1, 0),
(395, 1, 1),
(396, 1, 2),
(397, 1, 3),
(398, 1, 4),
(399, 1, 0),
(400, 1, 1),
(401, 1, 2),
(402, 1, 3),
(403, 1, 0),
(404, 2, 1),
(405, 2, 2),
(406, 2, 0),
(407, 4, 1),
(408, 4, 0),
(409, 1, 1),
(410, 1, 2),
(411, 1, 3),
(412, 1, 4),
(413, 1, 5),
(414, 1, 6),
(415, 1, 7),
(416, 1, 8),
(417, 1, 9),
(418, 1, 0),
(419, 1, 1),
(420, 1, 2),
(421, 1, 3),
(422, 1, 4),
(423, 1, 5),
(424, 1, 6),
(425, 1, 7),
(426, 1, 8),
(427, 1, 9),
(428, 1, 0),
(429, 1, 1),
(430, 1, 2),
(431, 1, 3),
(432, 1, 0),
(433, 1, 1),
(434, 1, 2),
(435, 1, 3),
(436, 1, 4),
(437, 1, 5),
(438, 1, 6),
(439, 1, 7),
(440, 1, 8),
(441, 1, 9),
(442, 1, 0),
(443, 2, 1),
(444, 2, 2),
(445, 2, 3),
(446, 2, 0),
(447, 2, 1),
(448, 2, 2),
(449, 2, 3),
(450, 2, 4),
(451, 2, 0),
(452, 1, 1),
(453, 1, 2),
(454, 1, 3),
(455, 1, 4),
(456, 1, 5),
(457, 1, 6),
(458, 1, 0),
(459, 1, 1),
(460, 1, 2),
(461, 1, 3),
(462, 1, 4),
(463, 1, 5),
(464, 1, 6),
(465, 1, 7),
(466, 1, 0),
(467, 2, 1),
(468, 2, 2),
(469, 2, 3),
(470, 2, 4),
(471, 2, 0),
(472, 2, 1),
(473, 2, 2),
(474, 2, 3),
(475, 2, 4),
(476, 2, 5),
(477, 2, 6),
(478, 2, 7),
(479, 2, 8),
(480, 2, 9),
(481, 2, 10),
(482, 2, 0),
(483, 2, 1),
(484, 2, 2),
(485, 2, 3),
(486, 2, 0),
(487, 2, 1),
(488, 2, 2),
(489, 2, 3),
(490, 2, 4),
(491, 2, 5),
(492, 2, 6),
(493, 2, 7),
(494, 2, 8),
(495, 2, 9),
(496, 2, 10),
(497, 2, 0),
(498, 1, 0),
(499, 2, 1),
(500, 2, 2),
(501, 2, 3),
(502, 2, 4),
(503, 2, 5),
(504, 2, 6),
(505, 2, 7),
(506, 2, 8),
(507, 2, 9),
(508, 2, 10),
(509, 2, 0),
(510, 2, 1),
(511, 2, 2),
(512, 2, 3),
(513, 2, 4),
(514, 2, 5),
(515, 2, 6),
(516, 2, 7),
(517, 2, 8),
(518, 2, 9),
(519, 2, 10),
(520, 2, 11),
(521, 2, 12),
(522, 2, 13),
(523, 2, 14),
(524, 2, 15),
(525, 2, 16),
(526, 2, 17),
(527, 2, 18),
(528, 2, 19),
(529, 2, 20),
(530, 2, 21),
(531, 2, 22),
(532, 2, 23),
(533, 2, 24),
(534, 2, 25),
(535, 2, 26),
(536, 2, 27),
(537, 2, 28),
(538, 2, 29),
(539, 2, 30),
(540, 2, 0),
(541, 2, 1),
(542, 2, 2),
(543, 2, 3),
(544, 2, 4),
(545, 2, 5),
(546, 2, 6),
(547, 2, 7),
(548, 2, 8),
(549, 2, 9),
(550, 2, 10),
(551, 2, 11),
(552, 2, 12),
(553, 2, 13),
(554, 2, 14),
(555, 2, 15),
(556, 2, 16),
(557, 2, 17),
(558, 2, 18),
(559, 2, 19),
(560, 2, 20),
(561, 2, 21),
(562, 2, 22),
(563, 2, 23),
(564, 2, 24),
(565, 2, 25),
(566, 2, 26),
(567, 2, 27),
(568, 2, 28),
(569, 2, 29),
(570, 2, 30),
(571, 2, 0),
(572, 2, 1),
(573, 2, 2),
(574, 2, 3),
(575, 2, 4),
(576, 2, 5),
(577, 2, 6),
(578, 2, 7),
(579, 2, 8),
(580, 2, 9),
(581, 2, 10),
(582, 2, 11),
(583, 2, 12),
(584, 2, 13),
(585, 2, 14),
(586, 2, 15),
(587, 2, 16),
(588, 2, 17),
(589, 2, 18),
(590, 2, 19),
(591, 2, 20),
(592, 2, 21),
(593, 2, 22),
(594, 2, 23),
(595, 2, 24),
(596, 2, 25),
(597, 2, 26),
(598, 2, 27),
(599, 2, 28),
(600, 2, 29),
(601, 2, 30),
(602, 2, 0),
(603, 2, 1),
(604, 2, 2),
(605, 2, 3),
(606, 2, 4),
(607, 2, 5),
(608, 2, 6),
(609, 2, 7),
(610, 2, 8),
(611, 2, 9),
(612, 2, 10),
(613, 2, 11),
(614, 2, 12),
(615, 2, 13),
(616, 2, 14),
(617, 2, 15),
(618, 2, 16),
(619, 2, 17),
(620, 2, 18),
(621, 2, 19),
(622, 2, 20),
(623, 2, 21),
(624, 2, 22),
(625, 2, 23),
(626, 2, 24),
(627, 2, 25),
(628, 2, 26),
(629, 2, 27),
(630, 2, 28),
(631, 2, 29),
(632, 2, 30),
(633, 2, 31),
(634, 2, 32),
(635, 2, 33),
(636, 2, 34),
(637, 2, 35),
(638, 2, 36),
(639, 2, 37),
(640, 2, 38),
(641, 2, 39),
(642, 2, 40),
(643, 2, 41),
(644, 2, 42),
(645, 2, 43),
(646, 2, 44),
(647, 2, 45),
(648, 2, 46),
(649, 2, 47),
(650, 2, 48),
(651, 2, 49),
(652, 2, 50),
(653, 2, 0),
(654, 2, 1),
(655, 2, 2),
(656, 2, 3),
(657, 2, 4),
(658, 2, 5),
(659, 2, 0),
(660, 1, 0),
(661, 2, 1),
(662, 2, 2),
(663, 2, 3),
(664, 2, 4),
(665, 2, 5),
(666, 2, 0),
(667, 2, 1),
(668, 2, 2),
(669, 2, 3),
(670, 2, 4),
(671, 2, 5),
(672, 2, 0),
(673, 2, 1),
(674, 2, 2),
(675, 2, 3),
(676, 2, 4),
(677, 2, 5),
(678, 2, 0),
(679, 2, 1),
(680, 2, 2),
(681, 2, 3),
(682, 2, 4),
(683, 2, 5),
(684, 2, 0),
(685, 2, 1),
(686, 2, 2),
(687, 2, 3),
(688, 2, 0),
(689, 2, 1),
(690, 2, 2),
(691, 2, 3),
(692, 2, 4),
(693, 2, 5),
(694, 2, 0),
(695, 2, 1),
(696, 2, 2),
(697, 2, 3),
(698, 2, 0);

-- --------------------------------------------------------

--
-- Table structure for table `levels`
--

DROP TABLE IF EXISTS `levels`;
CREATE TABLE IF NOT EXISTS `levels` (
  `id` int(255) NOT NULL AUTO_INCREMENT,
  `levelName` varchar(255) COLLATE utf8_unicode_ci NOT NULL,
  PRIMARY KEY (`id`),
  UNIQUE KEY `levelName` (`levelName`)
) ENGINE=MyISAM AUTO_INCREMENT=11 DEFAULT CHARSET=utf8 COLLATE=utf8_unicode_ci;

--
-- Dumping data for table `levels`
--

INSERT INTO `levels` (`id`, `levelName`) VALUES
(1, 'ደረጃ 1'),
(2, 'ደረጃ 2'),
(3, 'ደረጃ 3'),
(4, 'ደረጃ 4'),
(5, 'ደረጃ 5'),
(6, 'ደረጃ 6'),
(7, 'ደረጃ 7'),
(8, 'ደረጃ 8'),
(9, 'ደረጃ 9'),
(10, 'ርቱ');

-- --------------------------------------------------------

--
-- Table structure for table `lotteryrounds`
--

DROP TABLE IF EXISTS `lotteryrounds`;
CREATE TABLE IF NOT EXISTS `lotteryrounds` (
  `id` int(255) NOT NULL AUTO_INCREMENT,
  `roundId` int(255) DEFAULT '1',
  `lotteryId` int(255) DEFAULT '1',
  `numberOfBlocks` int(255) NOT NULL,
  PRIMARY KEY (`id`)
) ENGINE=MyISAM AUTO_INCREMENT=354 DEFAULT CHARSET=utf8 COLLATE=utf8_unicode_ci;

--
-- Dumping data for table `lotteryrounds`
--

INSERT INTO `lotteryrounds` (`id`, `roundId`, `lotteryId`, `numberOfBlocks`) VALUES
(1, 1, 1, 4),
(2, 1, 2, 4),
(3, 1, 2, 4),
(4, 1, 2, 4),
(5, 1, 2, 4),
(6, 1, 2, 4),
(7, 1, 2, 4),
(8, 1, 2, 4),
(9, 1, 2, 4),
(10, 1, 2, 4),
(11, 1, 2, 4),
(12, 1, 2, 4),
(13, 1, 2, 4),
(14, 1, 2, 4),
(15, 1, 2, 4),
(16, 1, 2, 4),
(17, 1, 2, 4),
(18, 1, 2, 4),
(19, 1, 2, 4),
(20, 1, 2, 4),
(21, 1, 2, 0),
(22, 1, 2, 4),
(23, 1, 2, 4),
(24, 1, 2, 4),
(25, 1, 2, 4),
(26, 1, 2, 4),
(27, 1, 2, 4),
(28, 1, 2, 4),
(29, 1, 2, 4),
(30, 1, 2, 4),
(31, 1, 2, 4),
(32, 1, 2, 4),
(33, 1, 2, 4),
(34, 1, 2, 4),
(35, 1, 2, 4),
(36, 1, 2, 4),
(37, 1, 2, 0),
(38, 1, 2, 4),
(39, 1, 1, 5),
(40, 1, 2, 5),
(41, 1, 2, 5),
(42, 1, 2, 5),
(43, 1, 2, 5),
(44, 1, 2, 5),
(45, 1, 2, 0),
(46, 1, 2, 5),
(47, 1, 2, 0),
(48, 1, 2, 5),
(49, 1, 2, 5),
(50, 1, 2, 0),
(51, 1, 2, 5),
(52, 1, 2, 5),
(53, 1, 2, 5),
(54, 1, 2, 5),
(55, 1, 2, 5),
(56, 1, 2, 0),
(57, 1, 2, 5),
(58, 1, 2, 5),
(59, 1, 2, 5),
(60, 1, 2, 5),
(61, 1, 2, 5),
(62, 1, 2, 5),
(63, 1, 2, 5),
(64, 1, 2, 5),
(65, 1, 2, 5),
(66, 1, 2, 5),
(67, 1, 2, 5),
(68, 1, 2, 5),
(69, 1, 2, 5),
(70, 1, 2, 5),
(71, 1, 2, 5),
(72, 1, 2, 5),
(73, 1, 2, 5),
(74, 1, 2, 5),
(75, 1, 2, 5),
(76, 1, 2, 5),
(77, 1, 2, 5),
(78, 1, 2, 5),
(79, 1, 2, 5),
(80, 1, 2, 5),
(81, 1, 2, 5),
(82, 1, 2, 5),
(83, 1, 2, 5),
(84, 1, 2, 5),
(85, 1, 2, 5),
(86, 1, 2, 5),
(87, 1, 2, 5),
(88, 1, 2, 5),
(89, 1, 2, 5),
(90, 1, 2, 5),
(91, 1, 2, 5),
(92, 1, 2, 5),
(93, 1, 2, 5),
(94, 1, 2, 5),
(95, 1, 2, 5),
(96, 1, 2, 5),
(97, 1, 2, 5),
(98, 1, 2, 5),
(99, 1, 2, 5),
(100, 1, 2, 5),
(101, 1, 2, 5),
(102, 1, 2, 5),
(103, 1, 2, 5),
(104, 1, 2, 5),
(105, 1, 2, 5),
(106, 1, 2, 5),
(107, 1, 2, 5),
(108, 1, 2, 5),
(109, 1, 2, 5),
(110, 1, 2, 5),
(111, 1, 2, 5),
(112, 1, 2, 5),
(113, 1, 2, 5),
(114, 1, 2, 5),
(115, 1, 2, 0),
(116, 1, 2, 5),
(117, 1, 2, 0),
(118, 1, 2, 5),
(119, 1, 2, 0),
(120, 1, 2, 5),
(121, 1, 2, 5),
(122, 1, 2, 5),
(123, 1, 2, 5),
(124, 1, 2, 5),
(125, 1, 2, 5),
(126, 1, 2, 5),
(127, 1, 2, 0),
(128, 1, 2, 5),
(129, 1, 2, 5),
(130, 1, 2, 5),
(131, 1, 2, 5),
(132, 1, 2, 5),
(133, 1, 2, 5),
(134, 1, 2, 5),
(135, 1, 2, 5),
(136, 1, 2, 5),
(137, 1, 2, 5),
(138, 1, 2, 5),
(139, 1, 2, 5),
(140, 1, 2, 5),
(141, 1, 2, 5),
(142, 1, 2, 5),
(143, 1, 2, 5),
(144, 1, 2, 5),
(145, 1, 2, 5),
(146, 1, 2, 5),
(147, 1, 2, 5),
(148, 1, 2, 5),
(149, 1, 2, 5),
(150, 1, 2, 5),
(151, 1, 2, 5),
(152, 1, 2, 5),
(153, 1, 2, 5),
(154, 1, 2, 5),
(155, 1, 2, 5),
(156, 1, 1, 4),
(157, 1, 2, 4),
(158, 1, 1, 5),
(159, 1, 2, 5),
(160, 1, 2, 5),
(161, 1, 2, 5),
(162, 1, 2, 5),
(163, 1, 2, 5),
(164, 1, 2, 5),
(165, 1, 2, 5),
(166, 1, 2, 5),
(167, 1, 2, 5),
(168, 1, 2, 5),
(169, 1, 2, 5),
(170, 1, 2, 5),
(171, 1, 2, 5),
(172, 1, 2, 5),
(173, 1, 2, 5),
(174, 1, 2, 5),
(175, 1, 2, 5),
(176, 1, 2, 5),
(177, 1, 2, 5),
(178, 1, 2, 5),
(179, 1, 2, 5),
(180, 1, 2, 5),
(181, 1, 2, 5),
(182, 1, 2, 5),
(183, 1, 2, 5),
(184, 1, 2, 5),
(185, 1, 1, 5),
(186, 1, 2, 5),
(187, 1, 1, 7),
(188, 1, 1, 7),
(189, 1, 1, 1),
(190, 1, 1, 1),
(191, 1, 1, 7),
(192, 1, 2, 7),
(193, 1, 2, 7),
(194, 1, 1, 1),
(195, 1, 1, 1),
(196, 1, 1, 1),
(197, 1, 1, 1),
(198, 1, 1, 1),
(199, 1, 2, 1),
(200, 1, 1, 7),
(201, 1, 1, 1),
(202, 1, 2, 1),
(203, 1, 1, 1),
(204, 1, 1, 7),
(205, 1, 1, 7),
(206, 1, 1, 4),
(207, 1, 2, 4),
(208, 1, 1, 4),
(209, 1, 2, 4),
(210, 1, 2, 4),
(211, 1, 1, 5),
(212, 1, 1, 6),
(213, 1, 1, 6),
(214, 1, 2, 6),
(215, 1, 1, 5),
(216, 2, 1, 1),
(217, 1, 1, 3),
(218, 1, 2, 3),
(219, 1, 1, 5),
(220, 1, 2, 5),
(221, 1, 1, 6),
(222, 1, 1, 3),
(223, 2, 1, 1),
(224, 1, 2, 3),
(225, 1, 2, 3),
(226, 1, 2, 3),
(227, 1, 1, 6),
(228, 1, 2, 6),
(229, 1, 1, 6),
(230, 1, 2, 6),
(231, 1, 1, 3),
(232, 1, 1, 6),
(233, 1, 1, 3),
(234, 1, 1, 10),
(235, 1, 1, 6),
(236, 1, 1, 9),
(237, 1, 1, 10),
(238, 1, 2, 10),
(239, 1, 1, 3),
(240, 1, 1, 4),
(241, 1, 2, 4),
(242, 1, 1, 2),
(243, 1, 2, 2),
(244, 1, 1, 1),
(245, 1, 1, 3),
(246, 1, 2, 3),
(247, 1, 1, 10),
(248, 2, 1, 2),
(249, 1, 1, 0),
(250, 1, 1, 3),
(251, 1, 2, 3),
(252, 1, 2, 3),
(253, 1, 2, 3),
(254, 1, 2, 3),
(255, 2, 2, 2),
(256, 2, 2, 2),
(257, 2, 1, 2),
(258, 2, 1, 3),
(259, 2, 2, 3),
(260, 2, 2, 3),
(261, 2, 2, 3),
(262, 2, 2, 3),
(263, 2, 2, 3),
(264, 1, 1, 10),
(265, 1, 2, 10),
(266, 1, 1, 10),
(267, 1, 2, 10),
(268, 4, 1, 2),
(269, 4, 2, 2),
(270, 4, 1, 6),
(271, 4, 2, 6),
(272, 2, 1, 10),
(273, 2, 1, 3),
(274, 4, 1, 7),
(275, 1, 1, 9),
(276, 1, 2, 9),
(277, 2, 2, 3),
(278, 2, 2, 3),
(279, 2, 2, 3),
(280, 2, 2, 3),
(281, 2, 2, 3),
(282, 2, 2, 3),
(283, 2, 2, 3),
(284, 1, 2, 9),
(285, 2, 2, 3),
(286, 2, 1, 2),
(287, 2, 2, 2),
(288, 2, 2, 2),
(289, 2, 2, 2),
(290, 2, 1, 1),
(291, 2, 1, 3),
(292, 2, 2, 3),
(293, 1, 1, 9),
(294, 1, 2, 9),
(295, 1, 2, 9),
(296, 4, 2, 7),
(297, 4, 1, 4),
(298, 2, 1, 3),
(299, 4, 2, 4),
(300, 1, 1, 9),
(301, 1, 2, 9),
(302, 1, 1, 9),
(303, 1, 1, 9),
(304, 1, 2, 9),
(305, 1, 2, 9),
(306, 1, 2, 9),
(307, 1, 2, 9),
(308, 2, 2, 3),
(309, 1, 2, 9),
(310, 1, 1, 9),
(311, 1, 1, 9),
(312, 1, 1, 9),
(313, 1, 1, 9),
(314, 1, 2, 3),
(315, 2, 1, 3),
(316, 4, 1, 4),
(317, 1, 1, 9),
(318, 1, 1, 9),
(319, 1, 1, 9),
(320, 1, 1, 9),
(321, 1, 1, 9),
(322, 1, 1, 9),
(323, 2, 1, 3),
(324, 2, 1, 4),
(325, 1, 1, 9),
(326, 1, 2, 6),
(327, 2, 2, 4),
(328, 1, 1, 9),
(329, 2, 1, 4),
(330, 1, 2, 7),
(331, 2, 1, 344),
(332, 2, 1, 344),
(333, 2, 1, 344),
(334, 2, 1, 344),
(335, 2, 1, 344),
(336, 2, 1, 344),
(337, 2, 1, 344),
(338, 1, 1, 0),
(339, 2, 1, 344),
(340, 2, 1, 344),
(341, 2, 1, 344),
(342, 2, 1, 344),
(343, 2, 1, 344),
(344, 2, 1, 344),
(345, 2, 1, 344),
(346, 1, 1, 0),
(347, 2, 1, 344),
(348, 2, 1, 344),
(349, 2, 1, 344),
(350, 2, 1, 344),
(351, 2, 1, 344),
(352, 2, 1, 344),
(353, 2, 1, 344);

-- --------------------------------------------------------

--
-- Table structure for table `one_alga`
--

DROP TABLE IF EXISTS `one_alga`;
CREATE TABLE IF NOT EXISTS `one_alga` (
  `cus_id` int(11) NOT NULL AUTO_INCREMENT,
  `Fname` varchar(100) NOT NULL,
  `Mname` varchar(100) NOT NULL,
  `Lname` varchar(100) NOT NULL,
  `Address` varchar(100) NOT NULL,
  `Interest` varchar(100) NOT NULL,
  UNIQUE KEY `cus_id` (`cus_id`)
) ENGINE=MyISAM AUTO_INCREMENT=4 DEFAULT CHARSET=utf8;

--
-- Dumping data for table `one_alga`
--

INSERT INTO `one_alga` (`cus_id`, `Fname`, `Mname`, `Lname`, `Address`, `Interest`) VALUES
(1, 'ስ', 'ስ', 'ስ', 'ስ', 'በዓል 1-መደቀሲ'),
(2, 'ስስ', 'ስስ', 'ስስ', 'ስስ', 'በዓል 1-መደቀሲ'),
(3, 'ቅ', 'ቅ', 'ቅ', 'ቅ', 'በዓል 1-መደቀሲ');

-- --------------------------------------------------------

--
-- Table structure for table `roles`
--

DROP TABLE IF EXISTS `roles`;
CREATE TABLE IF NOT EXISTS `roles` (
  `id` int(255) NOT NULL AUTO_INCREMENT,
  `roleType` varchar(255) COLLATE utf8_unicode_ci NOT NULL,
  PRIMARY KEY (`id`),
  UNIQUE KEY `roleType` (`roleType`)
) ENGINE=MyISAM AUTO_INCREMENT=9 DEFAULT CHARSET=utf8 COLLATE=utf8_unicode_ci;

--
-- Dumping data for table `roles`
--

INSERT INTO `roles` (`id`, `roleType`) VALUES
(1, 'ታራ ኣባል'),
(2, 'ፅሓፊ'),
(3, 'ኣቦ ወንበር'),
(4, 'ኣዶ ወንበር'),
(5, 'ምክትል ኣቦወንበር'),
(6, 'ምክትል ኣዶውንበር'),
(7, 'ሓላፊ'),
(8, 'ሕፁይ ኣባል');

-- --------------------------------------------------------

--
-- Table structure for table `rounds`
--

DROP TABLE IF EXISTS `rounds`;
CREATE TABLE IF NOT EXISTS `rounds` (
  `id` int(255) NOT NULL AUTO_INCREMENT,
  `roundName` varchar(255) COLLATE utf8_unicode_ci NOT NULL,
  PRIMARY KEY (`id`),
  UNIQUE KEY `roundName` (`roundName`)
) ENGINE=MyISAM AUTO_INCREMENT=5 DEFAULT CHARSET=utf8 COLLATE=utf8_unicode_ci;

--
-- Dumping data for table `rounds`
--

INSERT INTO `rounds` (`id`, `roundName`) VALUES
(1, 'ዙር 1'),
(2, 'ዙር 2'),
(4, 'ዙር 3');

-- --------------------------------------------------------

--
-- Table structure for table `round_1___ልምዓት`
--

DROP TABLE IF EXISTS `round_1___ልምዓት`;
CREATE TABLE IF NOT EXISTS `round_1___ልምዓት` (
  `id` int(255) NOT NULL AUTO_INCREMENT,
  `firstName` varchar(255) COLLATE utf8_unicode_ci NOT NULL,
  `lastName` varchar(255) COLLATE utf8_unicode_ci NOT NULL,
  `memberId` varchar(255) COLLATE utf8_unicode_ci NOT NULL,
  `phone` varchar(20) COLLATE utf8_unicode_ci NOT NULL,
  `address` varchar(255) COLLATE utf8_unicode_ci NOT NULL,
  `role` varchar(255) COLLATE utf8_unicode_ci NOT NULL DEFAULT '1',
  PRIMARY KEY (`id`),
  UNIQUE KEY `memberId` (`memberId`),
  KEY `role` (`role`)
) ENGINE=MyISAM AUTO_INCREMENT=2 DEFAULT CHARSET=utf8 COLLATE=utf8_unicode_ci;

--
-- Dumping data for table `round_1___ልምዓት`
--

INSERT INTO `round_1___ልምዓት` (`id`, `firstName`, `lastName`, `memberId`, `phone`, `address`, `role`) VALUES
(1, 'ህንፃ', 'በኩረፅዮን', '1', '7687', 'ዓዲ ሓ መቐለ', '3');

-- --------------------------------------------------------

--
-- Table structure for table `round_1___ሕብረት`
--

DROP TABLE IF EXISTS `round_1___ሕብረት`;
CREATE TABLE IF NOT EXISTS `round_1___ሕብረት` (
  `id` int(255) NOT NULL AUTO_INCREMENT,
  `firstName` varchar(255) COLLATE utf8_unicode_ci NOT NULL,
  `lastName` varchar(255) COLLATE utf8_unicode_ci NOT NULL,
  `memberId` varchar(255) COLLATE utf8_unicode_ci NOT NULL,
  `phone` varchar(20) COLLATE utf8_unicode_ci NOT NULL,
  `address` varchar(255) COLLATE utf8_unicode_ci NOT NULL,
  `role` varchar(255) COLLATE utf8_unicode_ci NOT NULL DEFAULT '1',
  PRIMARY KEY (`id`),
  UNIQUE KEY `memberId` (`memberId`),
  KEY `role` (`role`)
) ENGINE=MyISAM DEFAULT CHARSET=utf8 COLLATE=utf8_unicode_ci;

-- --------------------------------------------------------

--
-- Table structure for table `round_1___መለስ`
--

DROP TABLE IF EXISTS `round_1___መለስ`;
CREATE TABLE IF NOT EXISTS `round_1___መለስ` (
  `id` int(255) NOT NULL AUTO_INCREMENT,
  `firstName` varchar(255) COLLATE utf8_unicode_ci NOT NULL,
  `lastName` varchar(255) COLLATE utf8_unicode_ci NOT NULL,
  `memberId` varchar(255) COLLATE utf8_unicode_ci NOT NULL,
  `phone` varchar(20) COLLATE utf8_unicode_ci NOT NULL,
  `address` varchar(255) COLLATE utf8_unicode_ci NOT NULL,
  `role` varchar(255) COLLATE utf8_unicode_ci NOT NULL DEFAULT '1',
  PRIMARY KEY (`id`),
  UNIQUE KEY `memberId` (`memberId`),
  KEY `role` (`role`)
) ENGINE=MyISAM DEFAULT CHARSET=utf8 COLLATE=utf8_unicode_ci;

-- --------------------------------------------------------

--
-- Table structure for table `round_1___መምህራን`
--

DROP TABLE IF EXISTS `round_1___መምህራን`;
CREATE TABLE IF NOT EXISTS `round_1___መምህራን` (
  `id` int(255) NOT NULL AUTO_INCREMENT,
  `firstName` varchar(255) COLLATE utf8_unicode_ci NOT NULL,
  `lastName` varchar(255) COLLATE utf8_unicode_ci NOT NULL,
  `memberId` varchar(255) COLLATE utf8_unicode_ci NOT NULL,
  `phone` varchar(20) COLLATE utf8_unicode_ci NOT NULL,
  `address` varchar(255) COLLATE utf8_unicode_ci NOT NULL,
  `role` varchar(255) COLLATE utf8_unicode_ci NOT NULL DEFAULT '1',
  PRIMARY KEY (`id`),
  UNIQUE KEY `memberId` (`memberId`),
  KEY `role` (`role`)
) ENGINE=MyISAM DEFAULT CHARSET=utf8 COLLATE=utf8_unicode_ci;

-- --------------------------------------------------------

--
-- Table structure for table `round_1___ማሕበር_ሓድነት`
--

DROP TABLE IF EXISTS `round_1___ማሕበር_ሓድነት`;
CREATE TABLE IF NOT EXISTS `round_1___ማሕበር_ሓድነት` (
  `id` int(255) NOT NULL AUTO_INCREMENT,
  `firstName` varchar(255) COLLATE utf8_unicode_ci NOT NULL,
  `lastName` varchar(255) COLLATE utf8_unicode_ci NOT NULL,
  `memberId` varchar(255) COLLATE utf8_unicode_ci NOT NULL,
  `phone` varchar(20) COLLATE utf8_unicode_ci NOT NULL,
  `address` varchar(255) COLLATE utf8_unicode_ci NOT NULL,
  `role` varchar(255) COLLATE utf8_unicode_ci NOT NULL DEFAULT '1',
  PRIMARY KEY (`id`),
  UNIQUE KEY `memberId` (`memberId`),
  KEY `role` (`role`)
) ENGINE=MyISAM DEFAULT CHARSET=utf8 COLLATE=utf8_unicode_ci;

-- --------------------------------------------------------

--
-- Table structure for table `round_1___ሰላም`
--

DROP TABLE IF EXISTS `round_1___ሰላም`;
CREATE TABLE IF NOT EXISTS `round_1___ሰላም` (
  `id` int(255) NOT NULL AUTO_INCREMENT,
  `firstName` varchar(255) COLLATE utf8_unicode_ci NOT NULL,
  `lastName` varchar(255) COLLATE utf8_unicode_ci NOT NULL,
  `memberId` varchar(255) COLLATE utf8_unicode_ci NOT NULL,
  `phone` varchar(20) COLLATE utf8_unicode_ci NOT NULL,
  `address` varchar(255) COLLATE utf8_unicode_ci NOT NULL,
  `role` varchar(255) COLLATE utf8_unicode_ci NOT NULL DEFAULT '1',
  PRIMARY KEY (`id`),
  UNIQUE KEY `memberId` (`memberId`),
  KEY `role` (`role`)
) ENGINE=MyISAM DEFAULT CHARSET=utf8 COLLATE=utf8_unicode_ci;

-- --------------------------------------------------------

--
-- Table structure for table `round_1___ቭቭቭዝተስተካከለ`
--

DROP TABLE IF EXISTS `round_1___ቭቭቭዝተስተካከለ`;
CREATE TABLE IF NOT EXISTS `round_1___ቭቭቭዝተስተካከለ` (
  `id` int(255) NOT NULL AUTO_INCREMENT,
  `firstName` varchar(255) COLLATE utf8_unicode_ci NOT NULL,
  `lastName` varchar(255) COLLATE utf8_unicode_ci NOT NULL,
  `memberId` varchar(255) COLLATE utf8_unicode_ci NOT NULL,
  `phone` varchar(20) COLLATE utf8_unicode_ci NOT NULL,
  `address` varchar(255) COLLATE utf8_unicode_ci NOT NULL,
  `role` varchar(255) COLLATE utf8_unicode_ci NOT NULL DEFAULT '1',
  PRIMARY KEY (`id`),
  UNIQUE KEY `memberId` (`memberId`),
  KEY `role` (`role`)
) ENGINE=MyISAM DEFAULT CHARSET=utf8 COLLATE=utf8_unicode_ci;

-- --------------------------------------------------------

--
-- Table structure for table `round_1___ኣቢሲኒያ`
--

DROP TABLE IF EXISTS `round_1___ኣቢሲኒያ`;
CREATE TABLE IF NOT EXISTS `round_1___ኣቢሲኒያ` (
  `id` int(255) NOT NULL AUTO_INCREMENT,
  `firstName` varchar(255) COLLATE utf8_unicode_ci NOT NULL,
  `lastName` varchar(255) COLLATE utf8_unicode_ci NOT NULL,
  `memberId` varchar(255) COLLATE utf8_unicode_ci NOT NULL,
  `phone` varchar(20) COLLATE utf8_unicode_ci NOT NULL,
  `address` varchar(255) COLLATE utf8_unicode_ci NOT NULL,
  `role` varchar(255) COLLATE utf8_unicode_ci NOT NULL DEFAULT '1',
  PRIMARY KEY (`id`),
  UNIQUE KEY `memberId` (`memberId`),
  KEY `role` (`role`)
) ENGINE=MyISAM DEFAULT CHARSET=utf8 COLLATE=utf8_unicode_ci;

-- --------------------------------------------------------

--
-- Table structure for table `round_1___ክሊዖው`
--

DROP TABLE IF EXISTS `round_1___ክሊዖው`;
CREATE TABLE IF NOT EXISTS `round_1___ክሊዖው` (
  `id` int(255) NOT NULL AUTO_INCREMENT,
  `firstName` varchar(255) COLLATE utf8_unicode_ci NOT NULL,
  `lastName` varchar(255) COLLATE utf8_unicode_ci NOT NULL,
  `memberId` varchar(255) COLLATE utf8_unicode_ci NOT NULL,
  `phone` varchar(20) COLLATE utf8_unicode_ci NOT NULL,
  `address` varchar(255) COLLATE utf8_unicode_ci NOT NULL,
  `role` varchar(255) COLLATE utf8_unicode_ci NOT NULL DEFAULT '1',
  PRIMARY KEY (`id`),
  UNIQUE KEY `memberId` (`memberId`),
  KEY `role` (`role`)
) ENGINE=MyISAM DEFAULT CHARSET=utf8 COLLATE=utf8_unicode_ci;

-- --------------------------------------------------------

--
-- Table structure for table `round_2___ሓድሽ_ማሕበር`
--

DROP TABLE IF EXISTS `round_2___ሓድሽ_ማሕበር`;
CREATE TABLE IF NOT EXISTS `round_2___ሓድሽ_ማሕበር` (
  `id` int(255) NOT NULL AUTO_INCREMENT,
  `firstName` varchar(255) COLLATE utf8_unicode_ci NOT NULL,
  `lastName` varchar(255) COLLATE utf8_unicode_ci NOT NULL,
  `memberId` varchar(255) COLLATE utf8_unicode_ci NOT NULL,
  `phone` varchar(20) COLLATE utf8_unicode_ci NOT NULL,
  `address` varchar(255) COLLATE utf8_unicode_ci NOT NULL,
  `role` varchar(255) COLLATE utf8_unicode_ci NOT NULL DEFAULT '1',
  PRIMARY KEY (`id`),
  UNIQUE KEY `memberId` (`memberId`),
  KEY `role` (`role`)
) ENGINE=MyISAM DEFAULT CHARSET=utf8 COLLATE=utf8_unicode_ci;

-- --------------------------------------------------------

--
-- Table structure for table `round_2___ማሕበር_ኣንበሳ`
--

DROP TABLE IF EXISTS `round_2___ማሕበር_ኣንበሳ`;
CREATE TABLE IF NOT EXISTS `round_2___ማሕበር_ኣንበሳ` (
  `id` int(255) NOT NULL AUTO_INCREMENT,
  `firstName` varchar(255) COLLATE utf8_unicode_ci NOT NULL,
  `lastName` varchar(255) COLLATE utf8_unicode_ci NOT NULL,
  `memberId` varchar(255) COLLATE utf8_unicode_ci NOT NULL,
  `phone` varchar(20) COLLATE utf8_unicode_ci NOT NULL,
  `address` varchar(255) COLLATE utf8_unicode_ci NOT NULL,
  `role` varchar(255) COLLATE utf8_unicode_ci NOT NULL DEFAULT '1',
  PRIMARY KEY (`id`),
  UNIQUE KEY `memberId` (`memberId`),
  KEY `role` (`role`)
) ENGINE=MyISAM DEFAULT CHARSET=utf8 COLLATE=utf8_unicode_ci;

-- --------------------------------------------------------

--
-- Table structure for table `round_2___ማሕበር_ኪኪ`
--

DROP TABLE IF EXISTS `round_2___ማሕበር_ኪኪ`;
CREATE TABLE IF NOT EXISTS `round_2___ማሕበር_ኪኪ` (
  `id` int(255) NOT NULL AUTO_INCREMENT,
  `firstName` varchar(255) COLLATE utf8_unicode_ci NOT NULL,
  `lastName` varchar(255) COLLATE utf8_unicode_ci NOT NULL,
  `memberId` varchar(255) COLLATE utf8_unicode_ci NOT NULL,
  `phone` varchar(20) COLLATE utf8_unicode_ci NOT NULL,
  `address` varchar(255) COLLATE utf8_unicode_ci NOT NULL,
  `role` varchar(255) COLLATE utf8_unicode_ci NOT NULL DEFAULT '1',
  PRIMARY KEY (`id`),
  UNIQUE KEY `memberId` (`memberId`),
  KEY `role` (`role`)
) ENGINE=MyISAM DEFAULT CHARSET=utf8 COLLATE=utf8_unicode_ci;

-- --------------------------------------------------------

--
-- Table structure for table `round_2___ድድረ`
--

DROP TABLE IF EXISTS `round_2___ድድረ`;
CREATE TABLE IF NOT EXISTS `round_2___ድድረ` (
  `id` int(255) NOT NULL AUTO_INCREMENT,
  `firstName` varchar(255) COLLATE utf8_unicode_ci NOT NULL,
  `lastName` varchar(255) COLLATE utf8_unicode_ci NOT NULL,
  `memberId` varchar(255) COLLATE utf8_unicode_ci NOT NULL,
  `phone` varchar(20) COLLATE utf8_unicode_ci NOT NULL,
  `address` varchar(255) COLLATE utf8_unicode_ci NOT NULL,
  `role` varchar(255) COLLATE utf8_unicode_ci NOT NULL DEFAULT '1',
  PRIMARY KEY (`id`),
  UNIQUE KEY `memberId` (`memberId`),
  KEY `role` (`role`)
) ENGINE=MyISAM DEFAULT CHARSET=utf8 COLLATE=utf8_unicode_ci;

-- --------------------------------------------------------

--
-- Table structure for table `round_4___ማሕበር_ሓድነት`
--

DROP TABLE IF EXISTS `round_4___ማሕበር_ሓድነት`;
CREATE TABLE IF NOT EXISTS `round_4___ማሕበር_ሓድነት` (
  `id` int(255) NOT NULL AUTO_INCREMENT,
  `firstName` varchar(255) COLLATE utf8_unicode_ci NOT NULL,
  `lastName` varchar(255) COLLATE utf8_unicode_ci NOT NULL,
  `memberId` varchar(255) COLLATE utf8_unicode_ci NOT NULL,
  `phone` varchar(20) COLLATE utf8_unicode_ci NOT NULL,
  `address` varchar(255) COLLATE utf8_unicode_ci NOT NULL,
  `role` varchar(255) COLLATE utf8_unicode_ci NOT NULL DEFAULT '1',
  PRIMARY KEY (`id`),
  UNIQUE KEY `memberId` (`memberId`),
  KEY `role` (`role`)
) ENGINE=MyISAM DEFAULT CHARSET=utf8 COLLATE=utf8_unicode_ci;

-- --------------------------------------------------------

--
-- Table structure for table `round_4___ኣው`
--

DROP TABLE IF EXISTS `round_4___ኣው`;
CREATE TABLE IF NOT EXISTS `round_4___ኣው` (
  `id` int(255) NOT NULL AUTO_INCREMENT,
  `firstName` varchar(255) COLLATE utf8_unicode_ci NOT NULL,
  `lastName` varchar(255) COLLATE utf8_unicode_ci NOT NULL,
  `memberId` varchar(255) COLLATE utf8_unicode_ci NOT NULL,
  `phone` varchar(20) COLLATE utf8_unicode_ci NOT NULL,
  `address` varchar(255) COLLATE utf8_unicode_ci NOT NULL,
  `role` varchar(255) COLLATE utf8_unicode_ci NOT NULL DEFAULT '1',
  PRIMARY KEY (`id`),
  UNIQUE KEY `memberId` (`memberId`),
  KEY `role` (`role`)
) ENGINE=MyISAM DEFAULT CHARSET=utf8 COLLATE=utf8_unicode_ci;

-- --------------------------------------------------------

--
-- Table structure for table `round_4___ዝተስተኻኸለ`
--

DROP TABLE IF EXISTS `round_4___ዝተስተኻኸለ`;
CREATE TABLE IF NOT EXISTS `round_4___ዝተስተኻኸለ` (
  `id` int(255) NOT NULL AUTO_INCREMENT,
  `firstName` varchar(255) COLLATE utf8_unicode_ci NOT NULL,
  `lastName` varchar(255) COLLATE utf8_unicode_ci NOT NULL,
  `memberId` varchar(255) COLLATE utf8_unicode_ci NOT NULL,
  `phone` varchar(20) COLLATE utf8_unicode_ci NOT NULL,
  `address` varchar(255) COLLATE utf8_unicode_ci NOT NULL,
  `role` varchar(255) COLLATE utf8_unicode_ci NOT NULL DEFAULT '1',
  PRIMARY KEY (`id`),
  UNIQUE KEY `memberId` (`memberId`),
  KEY `role` (`role`)
) ENGINE=MyISAM DEFAULT CHARSET=utf8 COLLATE=utf8_unicode_ci;

-- --------------------------------------------------------

--
-- Table structure for table `round_4___ድይህርብ`
--

DROP TABLE IF EXISTS `round_4___ድይህርብ`;
CREATE TABLE IF NOT EXISTS `round_4___ድይህርብ` (
  `id` int(255) NOT NULL AUTO_INCREMENT,
  `firstName` varchar(255) COLLATE utf8_unicode_ci NOT NULL,
  `lastName` varchar(255) COLLATE utf8_unicode_ci NOT NULL,
  `memberId` varchar(255) COLLATE utf8_unicode_ci NOT NULL,
  `phone` varchar(20) COLLATE utf8_unicode_ci NOT NULL,
  `address` varchar(255) COLLATE utf8_unicode_ci NOT NULL,
  `role` varchar(255) COLLATE utf8_unicode_ci NOT NULL DEFAULT '1',
  PRIMARY KEY (`id`),
  UNIQUE KEY `memberId` (`memberId`),
  KEY `role` (`role`)
) ENGINE=MyISAM DEFAULT CHARSET=utf8 COLLATE=utf8_unicode_ci;

-- --------------------------------------------------------

--
-- Table structure for table `stu_alga`
--

DROP TABLE IF EXISTS `stu_alga`;
CREATE TABLE IF NOT EXISTS `stu_alga` (
  `cus_id` int(11) NOT NULL AUTO_INCREMENT,
  `Fname` varchar(100) NOT NULL,
  `Mname` varchar(100) NOT NULL,
  `Lname` varchar(100) NOT NULL,
  `Address` varchar(100) NOT NULL,
  `Interest` varchar(100) NOT NULL,
  PRIMARY KEY (`cus_id`)
) ENGINE=MyISAM AUTO_INCREMENT=3 DEFAULT CHARSET=utf8;

--
-- Dumping data for table `stu_alga`
--

INSERT INTO `stu_alga` (`cus_id`, `Fname`, `Mname`, `Lname`, `Address`, `Interest`) VALUES
(1, 'ኣኣ', 'ኣኣ', 'ኣኣ', 'ኣኣ', 'ስትድዮ'),
(2, 'ኣ', 'ኣ', 'ኣ', 'ኣ', 'ስትድዮ');

-- --------------------------------------------------------

--
-- Table structure for table `three_alga`
--

DROP TABLE IF EXISTS `three_alga`;
CREATE TABLE IF NOT EXISTS `three_alga` (
  `cus_id` int(11) NOT NULL AUTO_INCREMENT,
  `Fname` varchar(100) NOT NULL,
  `Mname` varchar(100) NOT NULL,
  `Lname` varchar(100) NOT NULL,
  `Address` varchar(100) NOT NULL,
  `Interest` varchar(100) NOT NULL,
  UNIQUE KEY `cus_id` (`cus_id`)
) ENGINE=MyISAM AUTO_INCREMENT=3 DEFAULT CHARSET=utf8;

--
-- Dumping data for table `three_alga`
--

INSERT INTO `three_alga` (`cus_id`, `Fname`, `Mname`, `Lname`, `Address`, `Interest`) VALUES
(1, 'ዝ', 'ዝ', 'ዝ', 'ዝ', 'በዓል 3-መደቀሲ'),
(2, 'ዝዝ', 'ዝዝ', 'ዝዝ', 'ዝዝ', 'በዓል 3-መደቀሲ');

-- --------------------------------------------------------

--
-- Table structure for table `two_alga`
--

DROP TABLE IF EXISTS `two_alga`;
CREATE TABLE IF NOT EXISTS `two_alga` (
  `cus_id` int(11) NOT NULL AUTO_INCREMENT,
  `Fname` varchar(100) NOT NULL,
  `Mname` varchar(100) NOT NULL,
  `Lname` varchar(100) NOT NULL,
  `Address` varchar(100) NOT NULL,
  `Interest` varchar(100) NOT NULL,
  UNIQUE KEY `cus_id` (`cus_id`)
) ENGINE=MyISAM AUTO_INCREMENT=3 DEFAULT CHARSET=utf8;

--
-- Dumping data for table `two_alga`
--

INSERT INTO `two_alga` (`cus_id`, `Fname`, `Mname`, `Lname`, `Address`, `Interest`) VALUES
(1, 'ቅቅ', 'ቅቅ', 'ቅቅ', 'ቅቅ', 'በዓል 2-መደቀሲ'),
(2, 'ቕ', 'ቕ', 'ቕ', 'ቕ', 'በዓል 2-መደቀሲ');

-- --------------------------------------------------------

--
-- Table structure for table `users`
--

DROP TABLE IF EXISTS `users`;
CREATE TABLE IF NOT EXISTS `users` (
  `id` int(255) NOT NULL AUTO_INCREMENT,
  `username` varchar(255) COLLATE utf8_unicode_ci NOT NULL,
  `password` varchar(255) COLLATE utf8_unicode_ci NOT NULL,
  PRIMARY KEY (`id`),
  UNIQUE KEY `username` (`username`)
) ENGINE=MyISAM AUTO_INCREMENT=3 DEFAULT CHARSET=utf8 COLLATE=utf8_unicode_ci;

--
-- Dumping data for table `users`
--

INSERT INTO `users` (`id`, `username`, `password`) VALUES
(1, 'ሲስተም', 'ሲስተም'),
(2, 'system', 'system');

-- --------------------------------------------------------

--
-- Table structure for table `winnercontructors`
--

DROP TABLE IF EXISTS `winnercontructors`;
CREATE TABLE IF NOT EXISTS `winnercontructors` (
  `id` int(255) NOT NULL AUTO_INCREMENT,
  `contructorId` int(255) NOT NULL,
  `blockNumber` int(255) NOT NULL,
  `roundId` int(255) NOT NULL,
  PRIMARY KEY (`id`),
  KEY `contructorId` (`contructorId`)
) ENGINE=MyISAM AUTO_INCREMENT=992 DEFAULT CHARSET=utf8 COLLATE=utf8_unicode_ci;

-- --------------------------------------------------------

--
-- Table structure for table `winnercontructorssavepoint`
--

DROP TABLE IF EXISTS `winnercontructorssavepoint`;
CREATE TABLE IF NOT EXISTS `winnercontructorssavepoint` (
  `id` int(255) NOT NULL AUTO_INCREMENT,
  `roundId` int(255) DEFAULT '0',
  `savePointIndex` int(255) DEFAULT '0',
  PRIMARY KEY (`id`)
) ENGINE=MyISAM AUTO_INCREMENT=1166 DEFAULT CHARSET=utf8 COLLATE=utf8_unicode_ci;

--
-- Dumping data for table `winnercontructorssavepoint`
--

INSERT INTO `winnercontructorssavepoint` (`id`, `roundId`, `savePointIndex`) VALUES
(1, 1, 1),
(2, 1, 2),
(3, 1, 3),
(4, 1, 4),
(5, 1, 0),
(6, 1, 1),
(7, 1, 2),
(8, 1, 3),
(9, 1, 4),
(10, 1, 0),
(11, 1, 1),
(12, 1, 2),
(13, 1, 3),
(14, 1, 4),
(15, 1, 0),
(16, 1, 1),
(17, 1, 2),
(18, 1, 3),
(19, 1, 4),
(20, 1, 0),
(21, 1, 1),
(22, 1, 2),
(23, 1, 3),
(24, 1, 4),
(25, 1, 0),
(26, 1, 1),
(27, 1, 2),
(28, 1, 3),
(29, 1, 4),
(30, 1, 0),
(31, 1, 1),
(32, 1, 2),
(33, 1, 3),
(34, 1, 4),
(35, 1, 0),
(36, 1, 1),
(37, 1, 2),
(38, 1, 3),
(39, 1, 4),
(40, 1, 0),
(41, 1, 1),
(42, 1, 2),
(43, 1, 3),
(44, 1, 4),
(45, 1, 0),
(46, 1, 1),
(47, 1, 2),
(48, 1, 3),
(49, 1, 4),
(50, 0, 4),
(51, 0, 4),
(52, 0, 4),
(53, 0, 4),
(54, 0, 0),
(55, 1, 1),
(56, 1, 2),
(57, 1, 3),
(58, 1, 4),
(59, 1, 0),
(60, 1, 1),
(61, 1, 2),
(62, 1, 3),
(63, 1, 4),
(64, 1, 0),
(65, 1, 1),
(66, 1, 2),
(67, 1, 3),
(68, 1, 4),
(69, 1, 0),
(70, 1, 0),
(71, 1, 1),
(72, 1, 2),
(73, 1, 3),
(74, 1, 4),
(75, 1, 0),
(76, 1, 1),
(77, 1, 2),
(78, 1, 3),
(79, 0, 4),
(80, 0, 4),
(81, 0, 4),
(82, 0, 4),
(83, 0, 0),
(84, 1, 1),
(85, 1, 2),
(86, 1, 3),
(87, 1, 4),
(88, 1, 0),
(89, 1, 1),
(90, 1, 2),
(91, 1, 3),
(92, 1, 4),
(93, 1, 5),
(94, 1, 0),
(95, 1, 1),
(96, 1, 2),
(97, 1, 3),
(98, 1, 4),
(99, 1, 5),
(100, 1, 0),
(101, 1, 1),
(102, 1, 2),
(103, 1, 3),
(104, 1, 4),
(105, 1, 5),
(106, 1, 0),
(107, 1, 1),
(108, 1, 2),
(109, 1, 3),
(110, 1, 4),
(111, 1, 5),
(112, 1, 0),
(113, 1, 1),
(114, 1, 2),
(115, 1, 3),
(116, 1, 4),
(117, 0, 5),
(118, 0, 5),
(119, 0, 5),
(120, 0, 5),
(121, 0, 5),
(122, 0, 0),
(123, 1, 1),
(124, 1, 2),
(125, 0, 3),
(126, 0, 3),
(127, 0, 3),
(128, 0, 4),
(129, 0, 5),
(130, 0, 0),
(131, 1, 1),
(132, 0, 2),
(133, 0, 2),
(134, 0, 3),
(135, 0, 4),
(136, 0, 5),
(137, 0, 0),
(138, 1, 1),
(139, 1, 2),
(140, 1, 3),
(141, 1, 4),
(142, 1, 5),
(143, 1, 0),
(144, 1, 1),
(145, 1, 2),
(146, 1, 3),
(147, 1, 4),
(148, 1, 5),
(149, 1, 0),
(150, 1, 1),
(151, 1, 2),
(152, 1, 3),
(153, 1, 4),
(154, 1, 5),
(155, 1, 0),
(156, 1, 1),
(157, 1, 2),
(158, 1, 3),
(159, 1, 4),
(160, 1, 5),
(161, 0, 5),
(162, 0, 5),
(163, 0, 5),
(164, 0, 5),
(165, 0, 5),
(166, 0, 0),
(167, 1, 1),
(168, 1, 2),
(169, 1, 3),
(170, 1, 4),
(171, 1, 5),
(172, 1, 0),
(173, 1, 1),
(174, 1, 2),
(175, 1, 3),
(176, 1, 4),
(177, 1, 5),
(178, 1, 0),
(179, 1, 1),
(180, 1, 2),
(181, 1, 3),
(182, 1, 4),
(183, 1, 5),
(184, 1, 0),
(185, 1, 1),
(186, 1, 2),
(187, 1, 3),
(188, 1, 4),
(189, 1, 5),
(190, 1, 0),
(191, 1, 1),
(192, 1, 2),
(193, 1, 3),
(194, 1, 4),
(195, 1, 5),
(196, 1, 0),
(197, 1, 1),
(198, 1, 2),
(199, 1, 3),
(200, 1, 4),
(201, 1, 5),
(202, 1, 0),
(203, 1, 1),
(204, 1, 2),
(205, 1, 3),
(206, 1, 4),
(207, 1, 5),
(208, 1, 0),
(209, 1, 1),
(210, 1, 2),
(211, 1, 3),
(212, 1, 4),
(213, 1, 5),
(214, 1, 0),
(215, 1, 1),
(216, 1, 2),
(217, 1, 3),
(218, 1, 4),
(219, 1, 5),
(220, 1, 0),
(221, 1, 1),
(222, 1, 2),
(223, 1, 3),
(224, 1, 4),
(225, 1, 5),
(226, 1, 0),
(227, 1, 1),
(228, 1, 2),
(229, 1, 3),
(230, 1, 4),
(231, 1, 5),
(232, 1, 0),
(233, 1, 1),
(234, 1, 2),
(235, 1, 3),
(236, 1, 4),
(237, 1, 5),
(238, 1, 0),
(239, 1, 1),
(240, 1, 2),
(241, 1, 3),
(242, 1, 4),
(243, 1, 5),
(244, 1, 0),
(245, 1, 1),
(246, 1, 2),
(247, 1, 3),
(248, 1, 4),
(249, 1, 5),
(250, 1, 0),
(251, 1, 1),
(252, 1, 2),
(253, 1, 3),
(254, 1, 4),
(255, 1, 5),
(256, 1, 0),
(257, 1, 1),
(258, 1, 2),
(259, 1, 3),
(260, 1, 4),
(261, 1, 5),
(262, 1, 0),
(263, 1, 1),
(264, 1, 2),
(265, 1, 3),
(266, 1, 4),
(267, 1, 5),
(268, 1, 0),
(269, 1, 1),
(270, 1, 2),
(271, 1, 3),
(272, 1, 4),
(273, 1, 5),
(274, 1, 0),
(275, 1, 1),
(276, 1, 2),
(277, 1, 3),
(278, 1, 4),
(279, 1, 5),
(280, 1, 0),
(281, 1, 1),
(282, 1, 2),
(283, 1, 3),
(284, 1, 4),
(285, 1, 5),
(286, 1, 0),
(287, 1, 1),
(288, 1, 2),
(289, 1, 3),
(290, 1, 4),
(291, 1, 5),
(292, 1, 0),
(293, 1, 1),
(294, 1, 2),
(295, 1, 3),
(296, 1, 4),
(297, 1, 5),
(298, 1, 0),
(299, 1, 1),
(300, 1, 2),
(301, 1, 3),
(302, 1, 4),
(303, 1, 5),
(304, 1, 0),
(305, 1, 1),
(306, 1, 2),
(307, 1, 3),
(308, 1, 4),
(309, 1, 5),
(310, 1, 0),
(311, 1, 1),
(312, 1, 2),
(313, 1, 3),
(314, 1, 4),
(315, 1, 5),
(316, 1, 0),
(317, 1, 1),
(318, 1, 2),
(319, 1, 3),
(320, 1, 4),
(321, 1, 5),
(322, 1, 0),
(323, 1, 1),
(324, 1, 2),
(325, 1, 3),
(326, 1, 4),
(327, 1, 5),
(328, 1, 0),
(329, 1, 1),
(330, 1, 2),
(331, 1, 3),
(332, 1, 4),
(333, 1, 5),
(334, 1, 0),
(335, 1, 1),
(336, 1, 2),
(337, 1, 3),
(338, 1, 4),
(339, 1, 5),
(340, 1, 0),
(341, 1, 1),
(342, 1, 2),
(343, 1, 3),
(344, 1, 4),
(345, 1, 5),
(346, 1, 0),
(347, 1, 1),
(348, 1, 2),
(349, 1, 3),
(350, 1, 4),
(351, 1, 5),
(352, 1, 0),
(353, 1, 1),
(354, 1, 2),
(355, 1, 3),
(356, 1, 4),
(357, 1, 5),
(358, 1, 0),
(359, 1, 1),
(360, 1, 2),
(361, 1, 3),
(362, 1, 4),
(363, 1, 5),
(364, 1, 0),
(365, 1, 1),
(366, 1, 2),
(367, 1, 3),
(368, 1, 4),
(369, 1, 5),
(370, 1, 0),
(371, 1, 1),
(372, 1, 2),
(373, 1, 3),
(374, 1, 4),
(375, 1, 5),
(376, 1, 0),
(377, 1, 1),
(378, 1, 2),
(379, 1, 3),
(380, 1, 4),
(381, 1, 5),
(382, 1, 0),
(383, 1, 1),
(384, 1, 2),
(385, 1, 3),
(386, 1, 4),
(387, 1, 5),
(388, 1, 0),
(389, 1, 1),
(390, 1, 2),
(391, 1, 3),
(392, 1, 4),
(393, 1, 5),
(394, 1, 0),
(395, 1, 1),
(396, 1, 2),
(397, 1, 3),
(398, 1, 4),
(399, 1, 5),
(400, 1, 0),
(401, 1, 1),
(402, 1, 2),
(403, 1, 3),
(404, 1, 4),
(405, 1, 5),
(406, 1, 0),
(407, 1, 1),
(408, 1, 2),
(409, 1, 3),
(410, 1, 4),
(411, 1, 5),
(412, 1, 0),
(413, 1, 1),
(414, 1, 2),
(415, 1, 3),
(416, 1, 4),
(417, 1, 5),
(418, 1, 0),
(419, 1, 1),
(420, 1, 2),
(421, 1, 3),
(422, 1, 4),
(423, 1, 5),
(424, 1, 0),
(425, 1, 1),
(426, 0, 1),
(427, 0, 2),
(428, 0, 3),
(429, 0, 0),
(430, 1, 1),
(431, 1, 2),
(432, 1, 3),
(433, 1, 4),
(434, 1, 5),
(435, 0, 0),
(436, 1, 1),
(437, 1, 2),
(438, 1, 3),
(439, 0, 0),
(440, 1, 1),
(441, 1, 2),
(442, 1, 3),
(443, 1, 4),
(444, 1, 5),
(445, 1, 0),
(446, 1, 1),
(447, 1, 2),
(448, 1, 3),
(449, 1, 4),
(450, 1, 5),
(451, 1, 0),
(452, 1, 1),
(453, 1, 2),
(454, 1, 3),
(455, 1, 4),
(456, 1, 5),
(457, 1, 0),
(458, 1, 1),
(459, 1, 2),
(460, 1, 3),
(461, 1, 4),
(462, 1, 5),
(463, 1, 0),
(464, 1, 1),
(465, 1, 2),
(466, 1, 3),
(467, 1, 4),
(468, 1, 5),
(469, 1, 0),
(470, 1, 1),
(471, 1, 2),
(472, 1, 3),
(473, 1, 4),
(474, 1, 5),
(475, 1, 0),
(476, 1, 1),
(477, 0, 2),
(478, 0, 2),
(479, 0, 3),
(480, 0, 4),
(481, 0, 0),
(482, 1, 1),
(483, 1, 2),
(484, 1, 3),
(485, 1, 4),
(486, 1, 5),
(487, 1, 0),
(488, 1, 1),
(489, 1, 2),
(490, 1, 3),
(491, 1, 4),
(492, 1, 5),
(493, 1, 0),
(494, 1, 1),
(495, 1, 2),
(496, 1, 3),
(497, 1, 4),
(498, 1, 5),
(499, 1, 0),
(500, 1, 1),
(501, 1, 2),
(502, 1, 3),
(503, 1, 4),
(504, 1, 5),
(505, 1, 0),
(506, 1, 1),
(507, 1, 2),
(508, 1, 3),
(509, 1, 4),
(510, 1, 5),
(511, 1, 0),
(512, 1, 1),
(513, 1, 2),
(514, 1, 3),
(515, 1, 4),
(516, 1, 5),
(517, 1, 0),
(518, 1, 1),
(519, 1, 2),
(520, 1, 3),
(521, 1, 4),
(522, 1, 5),
(523, 1, 0),
(524, 1, 1),
(525, 1, 2),
(526, 1, 3),
(527, 1, 4),
(528, 1, 5),
(529, 1, 0),
(530, 1, 1),
(531, 1, 2),
(532, 1, 3),
(533, 1, 4),
(534, 1, 5),
(535, 1, 0),
(536, 1, 1),
(537, 1, 2),
(538, 1, 3),
(539, 1, 4),
(540, 1, 5),
(541, 1, 0),
(542, 1, 1),
(543, 1, 2),
(544, 1, 3),
(545, 1, 4),
(546, 1, 5),
(547, 1, 0),
(548, 1, 1),
(549, 1, 2),
(550, 1, 3),
(551, 1, 4),
(552, 1, 5),
(553, 1, 0),
(554, 1, 1),
(555, 1, 2),
(556, 1, 3),
(557, 1, 4),
(558, 1, 5),
(559, 1, 0),
(560, 1, 1),
(561, 1, 2),
(562, 1, 3),
(563, 1, 4),
(564, 1, 5),
(565, 1, 0),
(566, 1, 1),
(567, 1, 2),
(568, 1, 3),
(569, 1, 4),
(570, 1, 5),
(571, 1, 0),
(572, 1, 1),
(573, 1, 2),
(574, 1, 3),
(575, 1, 4),
(576, 1, 5),
(577, 1, 0),
(578, 1, 1),
(579, 1, 2),
(580, 1, 3),
(581, 1, 4),
(582, 1, 5),
(583, 1, 0),
(584, 1, 1),
(585, 1, 2),
(586, 1, 3),
(587, 1, 4),
(588, 1, 5),
(589, 1, 0),
(590, 1, 1),
(591, 1, 2),
(592, 1, 3),
(593, 1, 4),
(594, 1, 5),
(595, 1, 0),
(596, 1, 1),
(597, 1, 2),
(598, 1, 3),
(599, 1, 4),
(600, 1, 5),
(601, 1, 0),
(602, 1, 1),
(603, 1, 2),
(604, 1, 3),
(605, 1, 4),
(606, 1, 5),
(607, 1, 0),
(608, 1, 1),
(609, 1, 2),
(610, 1, 3),
(611, 1, 4),
(612, 1, 5),
(613, 1, 0),
(614, 1, 1),
(615, 1, 2),
(616, 1, 3),
(617, 1, 4),
(618, 1, 5),
(619, 1, 0),
(620, 1, 1),
(621, 1, 2),
(622, 1, 3),
(623, 1, 4),
(624, 1, 5),
(625, 1, 0),
(626, 1, 1),
(627, 1, 2),
(628, 1, 3),
(629, 1, 4),
(630, 1, 5),
(631, 1, 0),
(632, 1, 1),
(633, 1, 2),
(634, 1, 3),
(635, 1, 4),
(636, 1, 5),
(637, 1, 0),
(638, 1, 1),
(639, 1, 2),
(640, 1, 3),
(641, 1, 4),
(642, 1, 0),
(643, 1, 1),
(644, 1, 2),
(645, 1, 3),
(646, 1, 4),
(647, 1, 5),
(648, 1, 0),
(649, 1, 1),
(650, 1, 2),
(651, 1, 3),
(652, 1, 4),
(653, 1, 5),
(654, 1, 0),
(655, 1, 1),
(656, 1, 2),
(657, 1, 3),
(658, 1, 4),
(659, 1, 5),
(660, 1, 0),
(661, 1, 1),
(662, 1, 2),
(663, 1, 3),
(664, 1, 4),
(665, 1, 5),
(666, 1, 0),
(667, 1, 1),
(668, 1, 2),
(669, 1, 3),
(670, 1, 4),
(671, 1, 5),
(672, 1, 0),
(673, 1, 1),
(674, 1, 2),
(675, 1, 3),
(676, 1, 4),
(677, 1, 5),
(678, 1, 0),
(679, 1, 1),
(680, 1, 2),
(681, 1, 3),
(682, 1, 4),
(683, 1, 5),
(684, 1, 0),
(685, 1, 1),
(686, 1, 2),
(687, 1, 3),
(688, 1, 4),
(689, 1, 5),
(690, 1, 0),
(691, 1, 1),
(692, 1, 2),
(693, 1, 3),
(694, 1, 4),
(695, 1, 5),
(696, 1, 0),
(697, 1, 1),
(698, 1, 2),
(699, 1, 3),
(700, 1, 4),
(701, 1, 5),
(702, 1, 0),
(703, 1, 1),
(704, 1, 2),
(705, 1, 3),
(706, 1, 4),
(707, 1, 5),
(708, 1, 0),
(709, 1, 1),
(710, 1, 2),
(711, 1, 3),
(712, 1, 4),
(713, 1, 5),
(714, 1, 0),
(715, 1, 1),
(716, 1, 2),
(717, 1, 3),
(718, 1, 4),
(719, 1, 5),
(720, 1, 0),
(721, 1, 1),
(722, 1, 2),
(723, 1, 3),
(724, 1, 4),
(725, 1, 5),
(726, 1, 0),
(727, 1, 1),
(728, 1, 2),
(729, 1, 3),
(730, 1, 4),
(731, 1, 5),
(732, 1, 0),
(733, 1, 1),
(734, 1, 2),
(735, 1, 3),
(736, 1, 4),
(737, 1, 5),
(738, 1, 0),
(739, 1, 1),
(740, 1, 2),
(741, 1, 3),
(742, 1, 4),
(743, 1, 5),
(744, 1, 0),
(745, 1, 1),
(746, 1, 2),
(747, 1, 3),
(748, 1, 4),
(749, 1, 5),
(750, 1, 0),
(751, 1, 1),
(752, 1, 2),
(753, 1, 3),
(754, 1, 4),
(755, 1, 5),
(756, 1, 0),
(757, 1, 1),
(758, 1, 2),
(759, 1, 3),
(760, 1, 4),
(761, 1, 5),
(762, 1, 0),
(763, 1, 1),
(764, 1, 2),
(765, 1, 3),
(766, 1, 4),
(767, 1, 5),
(768, 1, 0),
(769, 1, 1),
(770, 1, 2),
(771, 1, 3),
(772, 1, 4),
(773, 1, 5),
(774, 1, 0),
(775, 1, 1),
(776, 1, 2),
(777, 1, 3),
(778, 1, 4),
(779, 1, 5),
(780, 1, 0),
(781, 1, 1),
(782, 1, 2),
(783, 1, 3),
(784, 1, 4),
(785, 1, 5),
(786, 1, 0),
(787, 1, 1),
(788, 1, 2),
(789, 1, 3),
(790, 1, 4),
(791, 1, 5),
(792, 1, 0),
(793, 1, 1),
(794, 1, 2),
(795, 1, 3),
(796, 1, 4),
(797, 1, 5),
(798, 1, 0),
(799, 1, 1),
(800, 1, 2),
(801, 1, 3),
(802, 1, 4),
(803, 1, 5),
(804, 1, 0),
(805, 1, 1),
(806, 1, 2),
(807, 1, 3),
(808, 1, 4),
(809, 1, 5),
(810, 1, 6),
(811, 1, 7),
(812, 1, 0),
(813, 1, 1),
(814, 1, 2),
(815, 1, 3),
(816, 1, 4),
(817, 1, 5),
(818, 1, 6),
(819, 1, 7),
(820, 1, 0),
(821, 1, 1),
(822, 1, 0),
(823, 1, 1),
(824, 1, 0),
(825, 1, 1),
(826, 1, 2),
(827, 1, 3),
(828, 1, 4),
(829, 1, 0),
(830, 1, 1),
(831, 1, 2),
(832, 1, 3),
(833, 1, 4),
(834, 1, 0),
(835, 1, 1),
(836, 1, 2),
(837, 1, 3),
(838, 1, 4),
(839, 1, 0),
(840, 1, 1),
(841, 1, 2),
(842, 1, 3),
(843, 1, 4),
(844, 1, 5),
(845, 1, 6),
(846, 1, 0),
(847, 1, 1),
(848, 1, 2),
(849, 1, 3),
(850, 1, 0),
(851, 1, 1),
(852, 1, 2),
(853, 1, 3),
(854, 1, 4),
(855, 1, 5),
(856, 1, 0),
(857, 1, 1),
(858, 1, 2),
(859, 1, 3),
(860, 1, 0),
(861, 1, 1),
(862, 1, 2),
(863, 1, 3),
(864, 1, 0),
(865, 1, 1),
(866, 1, 2),
(867, 1, 3),
(868, 1, 0),
(869, 1, 1),
(870, 1, 2),
(871, 1, 3),
(872, 1, 4),
(873, 1, 5),
(874, 1, 6),
(875, 1, 0),
(876, 1, 1),
(877, 1, 2),
(878, 1, 3),
(879, 1, 4),
(880, 1, 5),
(881, 1, 6),
(882, 1, 0),
(883, 1, 1),
(884, 1, 2),
(885, 1, 3),
(886, 1, 4),
(887, 1, 5),
(888, 1, 6),
(889, 1, 7),
(890, 1, 8),
(891, 1, 9),
(892, 1, 10),
(893, 1, 0),
(894, 1, 1),
(895, 1, 2),
(896, 1, 3),
(897, 1, 4),
(898, 1, 0),
(899, 1, 1),
(900, 1, 2),
(901, 1, 0),
(902, 1, 1),
(903, 1, 2),
(904, 1, 3),
(905, 1, 0),
(906, 1, 1),
(907, 1, 2),
(908, 1, 3),
(909, 1, 0),
(910, 1, 1),
(911, 1, 2),
(912, 1, 3),
(913, 1, 0),
(914, 1, 1),
(915, 1, 2),
(916, 1, 3),
(917, 1, 0),
(918, 1, 1),
(919, 1, 2),
(920, 1, 3),
(921, 1, 0),
(922, 2, 1),
(923, 2, 2),
(924, 2, 0),
(925, 2, 1),
(926, 2, 2),
(927, 2, 0),
(928, 2, 1),
(929, 2, 2),
(930, 2, 3),
(931, 2, 0),
(932, 2, 1),
(933, 2, 2),
(934, 2, 3),
(935, 2, 0),
(936, 2, 1),
(937, 2, 2),
(938, 2, 3),
(939, 2, 0),
(940, 2, 1),
(941, 2, 2),
(942, 2, 3),
(943, 2, 0),
(944, 2, 1),
(945, 2, 2),
(946, 2, 3),
(947, 2, 0),
(948, 1, 1),
(949, 1, 2),
(950, 1, 3),
(951, 1, 4),
(952, 1, 5),
(953, 1, 6),
(954, 1, 7),
(955, 1, 8),
(956, 1, 9),
(957, 1, 10),
(958, 1, 0),
(959, 1, 1),
(960, 1, 2),
(961, 1, 3),
(962, 1, 4),
(963, 1, 5),
(964, 1, 6),
(965, 1, 7),
(966, 1, 8),
(967, 1, 9),
(968, 1, 10),
(969, 1, 0),
(970, 4, 1),
(971, 4, 2),
(972, 4, 0),
(973, 4, 1),
(974, 4, 2),
(975, 4, 3),
(976, 4, 4),
(977, 4, 5),
(978, 4, 6),
(979, 4, 0),
(980, 1, 1),
(981, 1, 2),
(982, 1, 3),
(983, 1, 4),
(984, 1, 5),
(985, 1, 6),
(986, 1, 7),
(987, 1, 8),
(988, 1, 9),
(989, 1, 0),
(990, 2, 1),
(991, 2, 2),
(992, 2, 3),
(993, 2, 0),
(994, 2, 1),
(995, 2, 2),
(996, 2, 3),
(997, 2, 0),
(998, 2, 1),
(999, 2, 2),
(1000, 2, 3),
(1001, 2, 0),
(1002, 2, 1),
(1003, 2, 2),
(1004, 2, 3),
(1005, 2, 0),
(1006, 2, 1),
(1007, 2, 2),
(1008, 2, 3),
(1009, 2, 0),
(1010, 2, 1),
(1011, 2, 2),
(1012, 2, 3),
(1013, 2, 0),
(1014, 2, 1),
(1015, 2, 2),
(1016, 2, 3),
(1017, 2, 0),
(1018, 1, 1),
(1019, 1, 2),
(1020, 1, 3),
(1021, 1, 4),
(1022, 1, 5),
(1023, 1, 6),
(1024, 1, 7),
(1025, 1, 8),
(1026, 1, 9),
(1027, 1, 0),
(1028, 2, 1),
(1029, 2, 2),
(1030, 2, 3),
(1031, 2, 0),
(1032, 2, 1),
(1033, 2, 2),
(1034, 2, 0),
(1035, 2, 1),
(1036, 2, 2),
(1037, 2, 0),
(1038, 2, 1),
(1039, 2, 2),
(1040, 2, 0),
(1041, 2, 1),
(1042, 2, 2),
(1043, 2, 3),
(1044, 2, 0),
(1045, 1, 1),
(1046, 1, 2),
(1047, 1, 3),
(1048, 1, 4),
(1049, 1, 5),
(1050, 1, 6),
(1051, 1, 7),
(1052, 1, 8),
(1053, 1, 9),
(1054, 1, 0),
(1055, 1, 1),
(1056, 1, 2),
(1057, 1, 3),
(1058, 1, 4),
(1059, 1, 5),
(1060, 1, 6),
(1061, 1, 7),
(1062, 1, 8),
(1063, 1, 9),
(1064, 1, 0),
(1065, 4, 1),
(1066, 4, 2),
(1067, 4, 3),
(1068, 4, 4),
(1069, 4, 5),
(1070, 4, 6),
(1071, 4, 7),
(1072, 4, 0),
(1073, 4, 1),
(1074, 4, 2),
(1075, 4, 3),
(1076, 4, 4),
(1077, 4, 0),
(1078, 1, 1),
(1079, 1, 2),
(1080, 1, 3),
(1081, 1, 4),
(1082, 1, 5),
(1083, 1, 6),
(1084, 1, 7),
(1085, 1, 8),
(1086, 1, 9),
(1087, 1, 0),
(1088, 1, 1),
(1089, 1, 2),
(1090, 1, 3),
(1091, 1, 4),
(1092, 1, 5),
(1093, 1, 6),
(1094, 1, 7),
(1095, 1, 8),
(1096, 1, 9),
(1097, 1, 0),
(1098, 1, 1),
(1099, 1, 2),
(1100, 1, 3),
(1101, 1, 4),
(1102, 1, 5),
(1103, 1, 6),
(1104, 1, 7),
(1105, 1, 8),
(1106, 1, 9),
(1107, 1, 0),
(1108, 1, 1),
(1109, 1, 2),
(1110, 1, 3),
(1111, 1, 4),
(1112, 1, 5),
(1113, 1, 6),
(1114, 1, 7),
(1115, 1, 8),
(1116, 1, 9),
(1117, 1, 0),
(1118, 1, 1),
(1119, 1, 2),
(1120, 1, 3),
(1121, 1, 4),
(1122, 1, 5),
(1123, 1, 6),
(1124, 1, 7),
(1125, 1, 8),
(1126, 1, 9),
(1127, 1, 0),
(1128, 2, 1),
(1129, 2, 2),
(1130, 2, 3),
(1131, 2, 0),
(1132, 1, 1),
(1133, 1, 2),
(1134, 1, 3),
(1135, 1, 4),
(1136, 1, 5),
(1137, 1, 6),
(1138, 1, 7),
(1139, 1, 8),
(1140, 1, 9),
(1141, 1, 0),
(1142, 1, 1),
(1143, 1, 2),
(1144, 1, 3),
(1145, 1, 0),
(1146, 1, 1),
(1147, 1, 2),
(1148, 1, 3),
(1149, 1, 4),
(1150, 1, 5),
(1151, 1, 6),
(1152, 1, 0),
(1153, 2, 1),
(1154, 2, 2),
(1155, 2, 3),
(1156, 2, 4),
(1157, 2, 0),
(1158, 1, 1),
(1159, 1, 2),
(1160, 1, 3),
(1161, 1, 4),
(1162, 1, 5),
(1163, 1, 6),
(1164, 1, 7),
(1165, 1, 0);
COMMIT;

/*!40101 SET CHARACTER_SET_CLIENT=@OLD_CHARACTER_SET_CLIENT */;
/*!40101 SET CHARACTER_SET_RESULTS=@OLD_CHARACTER_SET_RESULTS */;
/*!40101 SET COLLATION_CONNECTION=@OLD_COLLATION_CONNECTION */;
